filename,experiment,primer_set,mouse_ivar_number,cage,mouse_genotype,REGION,POS,REF,ALT,GFF_FEATURE,REF_CODON,REF_AA,ALT_CODON,ALT_AA,REF_DP_repA,REF_RV_repA,REF_QUAL_repA,ALT_DP_repA,ALT_RV_repA,ALT_QUAL_repA,ALT_FREQ_repA,TOTAL_DP_repA,PVAL_repA,PASS_repA,REF_DP_repB,REF_RV_repB,REF_QUAL_repB,ALT_DP_repB,ALT_RV_repB,ALT_QUAL_repB,ALT_FREQ_repB,TOTAL_DP_repB,PVAL_repB,PASS_repB,average_variant_freq,exclude_from_final
M1-AK22-SI-astro-rdrp-F2.filtered.tsv,AK22,rat_astro_F_F2,M1,1,rat_1,Concatenated,3248,C,G,,,,,,1,0,34,1,0,34,0.5,2,0.666667,FALSE,0,0,0,9,0,34,1,9,4.11E-05,TRUE,0.75,Y
M3-AK22-SI-astro-rdrp-F2.filtered.tsv,AK22,rat_astro_F_F2,M3,1,B6,Concatenated,3248,C,G,,,,,,0,0,0,8,0,34,1,8,0.0001554,TRUE,1,1,23,3,0,32,0.75,4,0.114286,FALSE,0.875,Y
M1-AK22-SI-astro-rdrp-F2.filtered.tsv,AK22,rat_astro_F_F2,M1,1,rat_1,Concatenated,3249,G,A,,GGG,G,AGG,R,210,1,33,26,0,33,0.0860927,302,2.30E-10,TRUE,259,1,33,23,0,33,0.0666667,345,6.48E-09,TRUE,0.0763797,Y
M1-AK22-SI-astro-rdrp-F2.filtered.tsv,AK22,rat_astro_F_F2,M1,1,rat_1,Concatenated,3249,G,T,,GGG,G,TGG,W,210,1,33,65,2,33,0.215232,302,1.52E-23,TRUE,259,1,33,63,16,34,0.182609,345,4.06E-22,TRUE,0.1989205,Y
M2-AK22-SI-astro-rdrp-F2.filtered.tsv,AK22,rat_astro_F_F2,M2,1,rat_2,Concatenated,3249,G,A,,GGG,G,AGG,R,199,0,33,26,0,33,0.0905923,287,2.32E-10,TRUE,227,1,33,33,0,33,0.111486,296,4.29E-12,TRUE,0.10103915,Y
M2-AK22-SI-astro-rdrp-F2.filtered.tsv,AK22,rat_astro_F_F2,M2,1,rat_2,Concatenated,3249,G,T,,GGG,G,TGG,W,199,0,33,62,16,34,0.216028,287,1.62E-22,TRUE,227,1,33,36,8,34,0.121622,296,4.47E-13,TRUE,0.168825,Y
M3-AK22-SI-astro-rdrp-F2.filtered.tsv,AK22,rat_astro_F_F2,M3,1,B6,Concatenated,3249,G,A,,GGG,G,AGG,R,227,7,34,18,0,33,0.056962,316,2.40E-07,TRUE,185,4,33,34,0,33,0.122302,278,1.81E-13,TRUE,0.089632,Y
M3-AK22-SI-astro-rdrp-F2.filtered.tsv,AK22,rat_astro_F_F2,M3,1,B6,Concatenated,3249,G,T,,GGG,G,TGG,W,227,7,34,71,36,34,0.224684,316,4.42E-25,TRUE,185,4,33,59,16,33,0.21223,278,5.28E-22,TRUE,0.218457,Y
M4-AK22-SI-astro-rdrp-F2.filtered.tsv,AK22,rat_astro_F_F2,M4,1,B6,Concatenated,3249,G,A,,GGG,G,AGG,R,223,3,33,29,0,34,0.0900621,322,1.74E-11,TRUE,119,2,33,5,0,34,0.033557,149,0.0188306,FALSE,0.06180955,Y
M4-AK22-SI-astro-rdrp-F2.filtered.tsv,AK22,rat_astro_F_F2,M4,1,B6,Concatenated,3249,G,T,,GGG,G,TGG,W,223,3,33,70,31,34,0.217391,322,2.42E-25,TRUE,119,2,33,25,12,35,0.167785,149,6.65E-09,TRUE,0.192588,Y
M5-AK22-SI-astro-rdrp-F2.filtered.tsv,AK22,rat_astro_F_F2,M5,1,B6,Concatenated,3249,G,A,,GGG,G,AGG,R,231,0,33,21,0,34,0.0709459,296,5.35E-08,TRUE,107,6,34,6,0,33,0.0431655,139,0.00772619,TRUE,0.0570557,Y
M5-AK22-SI-astro-rdrp-F2.filtered.tsv,AK22,rat_astro_F_F2,M5,1,B6,Concatenated,3249,G,T,,GGG,G,TGG,W,231,0,33,44,15,34,0.148649,296,1.71E-15,TRUE,107,6,34,26,17,35,0.18705,139,2.31E-09,TRUE,0.1678495,Y
M5-AK22-SI-astro-rdrp-F2.filtered.tsv,AK22,rat_astro_F_F2,M5,1,B6,Concatenated,3296,G,A,,GAG,E,GAA,E,601562,5229,37,38976,344,37,0.0608384,640648,0,TRUE,240300,9728,37,8594,411,37,0.0345246,248924,0,TRUE,0.0476815,Y
M5-AK22-SI-astro-rdrp-F2.filtered.tsv,AK22,rat_astro_F_F2,M5,1,B6,Concatenated,3345,G,A,,GCT,A,ACT,T,596675,6032,37,37701,387,36,0.0594016,634680,0,TRUE,240015,10848,37,8341,443,36,0.0335713,248456,0,TRUE,0.04648645,N
M4-AK22-SI-astro-rdrp-F2.filtered.tsv,AK22,rat_astro_F_F2,M4,1,B6,Concatenated,3383,T,C,,TGT,C,TGC,C,512087,7869,37,25320,446,36,0.0471061,537510,0,TRUE,292195,6863,37,9317,258,36,0.0308946,301574,0,TRUE,0.03900035,N
M5-AK22-SI-astro-rdrp-F2.filtered.tsv,AK22,rat_astro_F_F2,M5,1,B6,Concatenated,3383,T,C,,TGT,C,TGC,C,596099,6279,37,37691,397,36,0.0594578,633912,0,TRUE,240748,11125,37,8424,451,36,0.0338013,249221,0,TRUE,0.04662955,N
M5-AK22-SI-astro-rdrp-F2.filtered.tsv,AK22,rat_astro_F_F2,M5,1,B6,Concatenated,3386,G,A,,GCG,A,GCA,A,592866,6320,37,37450,406,36,0.0593869,630610,0,TRUE,239759,11216,37,8282,448,35,0.0333751,248149,0,TRUE,0.046381,N
M5-AK22-SI-astro-rdrp-F2.filtered.tsv,AK22,rat_astro_F_F2,M5,1,B6,Concatenated,3392,G,A,,CCG,P,CCA,P,594403,6306,37,37635,402,36,0.059531,632192,0,TRUE,240127,11186,37,8381,447,36,0.0337143,248589,0,TRUE,0.04662265,N
M5-AK22-SI-astro-rdrp-F2.filtered.tsv,AK22,rat_astro_F_F2,M5,1,B6,Concatenated,3458,G,A,,GAG,E,GAA,E,564546,5271,36,35802,356,35,0.0596191,600512,0,TRUE,227449,8657,36,7733,342,35,0.032872,235246,0,TRUE,0.04624555,N
M5-AK22-SI-astro-rdrp-F2.filtered.tsv,AK22,rat_astro_F_F2,M5,1,B6,Concatenated,3464,T,C,,CAT,H,CAC,H,563949,5123,36,36207,340,36,0.0603183,600266,0,TRUE,227031,8134,37,7919,324,36,0.0337002,234984,0,TRUE,0.04700925,N
M5-AK22-SI-astro-rdrp-F2.filtered.tsv,AK22,rat_astro_F_F2,M5,1,B6,Concatenated,3485,C,T,,TGC,C,TGT,C,602925,70592,48,37434,3406,45,0.0584465,640483,0,TRUE,234635,24173,46,8003,679,42,0.0329784,242674,0,TRUE,0.04571245,N
M5-AK22-SI-astro-rdrp-F2.filtered.tsv,AK22,rat_astro_F_F2,M5,1,B6,Concatenated,3524,T,C,,CTT,L,CTC,L,599856,125810,56,38357,8209,52,0.060085,638379,0,TRUE,240004,45222,54,8352,1544,51,0.0336198,248425,0,TRUE,0.0468524,N
M5-AK22-SI-astro-rdrp-F2.filtered.tsv,AK22,rat_astro_F_F2,M5,1,B6,Concatenated,3539,G,A,,GGG,G,GGA,G,613767,187340,54,38328,11591,49,0.058765,652225,0,TRUE,248044,66553,53,8469,2124,48,0.0330065,256586,0,TRUE,0.04588575,N
M5-AK22-SI-astro-rdrp-F2.filtered.tsv,AK22,rat_astro_F_F2,M5,1,B6,Concatenated,3548,A,T,,GTA,V,GTT,V,618660,224190,53,39159,15630,50,0.0595103,658020,0,TRUE,251529,80976,52,8476,2889,49,0.0325897,260082,0,TRUE,0.04605,N
M5-AK22-SI-astro-rdrp-F2.filtered.tsv,AK22,rat_astro_F_F2,M5,1,B6,Concatenated,3569,T,C,,TTT,F,TTC,F,539355,531322,36,33389,32861,34,0.0582155,573541,0,TRUE,214733,201410,36,7157,6638,34,0.0322078,222213,0,TRUE,0.04521165,N
M5-AK22-SI-astro-rdrp-F2.filtered.tsv,AK22,rat_astro_F_F2,M5,1,B6,Concatenated,3593,C,T,,CTC,L,CTT,L,556736,548044,36,34537,33935,35,0.058395,591438,0,TRUE,228096,211709,36,7624,6985,35,0.0323371,235766,0,TRUE,0.04536605,N
M5-AK22-SI-astro-rdrp-F2.filtered.tsv,AK22,rat_astro_F_F2,M5,1,B6,Concatenated,3623,G,A,,CAG,Q,CAA,Q,581493,571912,37,36945,36296,36,0.0597286,618548,0,TRUE,240505,221615,37,8476,7699,36,0.0340264,249101,0,TRUE,0.0468775,N
M5-AK22-SI-astro-rdrp-F2.filtered.tsv,AK22,rat_astro_F_F2,M5,1,B6,Concatenated,3626,C,T,,TAC,Y,TAT,Y,580499,570794,37,37354,36700,36,0.0604506,617926,0,TRUE,244093,224606,37,8636,7837,36,0.0341672,252757,0,TRUE,0.0473089,N
M5-AK22-SI-astro-rdrp-F2.filtered.tsv,AK22,rat_astro_F_F2,M5,1,B6,Concatenated,3644,A,T,,CGA,R,CGT,R,584866,574976,37,35808,35097,34,0.0576653,620963,0,TRUE,247018,227044,37,8347,7523,34,0.0326743,255461,0,TRUE,0.0451698,N
M5-AK22-SI-astro-rdrp-F2.filtered.tsv,AK22,rat_astro_F_F2,M5,1,B6,Concatenated,3659,C,T,,CAC,H,CAT,H,587726,577667,37,38293,37611,36,0.0611615,626096,0,TRUE,249346,228834,37,8969,8133,36,0.0347175,258342,0,TRUE,0.0479395,N
M5-AK22-SI-astro-rdrp-F2.filtered.tsv,AK22,rat_astro_F_F2,M5,1,B6,Concatenated,3662,C,A,,ATC,I,ATA,I,585804,575783,37,38681,38006,37,0.0619345,624547,0,TRUE,248237,227758,37,9029,8197,37,0.0350915,257299,0,TRUE,0.048513,N
M5-AK22-SI-astro-rdrp-F2.filtered.tsv,AK22,rat_astro_F_F2,M5,1,B6,Concatenated,3665,T,C,,TAT,Y,TAC,Y,586096,576133,36,38590,37899,36,0.061747,624970,0,TRUE,248005,227577,36,9027,8191,36,0.0351033,257155,0,TRUE,0.04842515,N
M5-AK22-SI-astro-rdrp-F2.filtered.tsv,AK22,rat_astro_F_F2,M5,1,B6,Concatenated,3677,A,T,,GTA,V,GTT,V,593907,584037,37,38397,37690,36,0.0607142,632422,0,TRUE,252356,231995,37,9013,8145,36,0.0344779,261414,0,TRUE,0.04759605,N
M5-AK22-SI-astro-rdrp-F2.filtered.tsv,AK22,rat_astro_F_F2,M5,1,B6,Concatenated,3726,G,A,,GTG,V,ATG,M,608029,599347,37,38653,38039,36,0.0597617,646785,0,TRUE,258613,239495,37,9248,8457,36,0.0345182,267917,0,TRUE,0.04713995,N
M1-AK22-SI-astro-rdrp-F3.filtered.tsv,AK22,rat_astro_F_F3,M1,1,rat_1,concatenated_rat-AK22-SI-astro-rdrp-F3_threshold_0_quality_20,3727,T,G,,GTG,V,GGG,G,40,22,36,36,0,34,0.467532,77,5.98E-14,TRUE,31,15,35,26,0,33,0.440678,59,2.78E-10,TRUE,0.454105,Y
M2-AK22-SI-astro-rdrp-F3.filtered.tsv,AK22,rat_astro_F_F3,M2,1,rat_2,concatenated_rat-AK22-SI-astro-rdrp-F3_threshold_0_quality_20,3727,T,G,,GTG,V,GGG,G,58,39,35,48,0,33,0.440367,109,2.03E-18,TRUE,59,28,35,51,0,33,0.455357,112,1.65E-19,TRUE,0.447862,Y
M3-AK22-SI-astro-rdrp-F3.filtered.tsv,AK22,rat_astro_F_F3,M3,1,B6,concatenated_rat-AK22-SI-astro-rdrp-F3_threshold_0_quality_20,3727,T,G,,GTG,V,GGG,G,55,27,36,56,0,33,0.482759,116,3.54E-22,TRUE,54,42,35,36,1,33,0.395604,91,1.42E-13,TRUE,0.4391815,Y
M4-AK22-SI-astro-rdrp-F3.filtered.tsv,AK22,rat_astro_F_F3,M4,1,B6,concatenated_rat-AK22-SI-astro-rdrp-F3_threshold_0_quality_20,3727,T,G,,GTG,V,GGG,G,46,37,35,33,0,33,0.4125,80,1.65E-12,TRUE,67,53,35,27,2,33,0.287234,94,8.40E-10,TRUE,0.349867,Y
M5-AK22-SI-astro-rdrp-F3.filtered.tsv,AK22,rat_astro_F_F3,M5,1,B6,concatenated_rat-AK22-SI-astro-rdrp-F3_threshold_0_quality_20,3727,T,G,,GTG,V,GGG,G,80,58,35,34,1,33,0.295652,115,3.21E-12,TRUE,53,36,34,35,0,33,0.393258,89,4.16E-13,TRUE,0.344455,Y
M5-AK22-SI-astro-rdrp-F2.filtered.tsv,AK22,rat_astro_F_F2,M5,1,B6,Concatenated,3728,G,A,,GTG,V,GTA,V,608420,599808,37,39934,39327,37,0.0615881,648404,0,TRUE,258843,239810,37,9487,8697,37,0.0353522,268357,0,TRUE,0.04847015,N
M5-AK22-SI-astro-rdrp-F2.filtered.tsv,AK22,rat_astro_F_F2,M5,1,B6,Concatenated,3740,T,C,,GGT,G,GGC,G,610491,602201,37,39557,38968,36,0.0608384,650198,0,TRUE,259501,240907,37,9404,8625,36,0.0349617,268980,0,TRUE,0.04790005,N
M3-AK22-SI-astro-rdrp-F3.filtered.tsv,AK22,rat_astro_F_F3,M3,1,B6,concatenated_rat-AK22-SI-astro-rdrp-F3_threshold_0_quality_20,3752,G,A,,GGG,G,GGA,G,596791,4325,37,55560,368,37,0.0851544,652462,0,TRUE,444427,6235,37,18198,238,37,0.0393315,462683,0,TRUE,0.06224295,N
M5-AK22-SI-astro-rdrp-F2.filtered.tsv,AK22,rat_astro_F_F2,M5,1,B6,Concatenated,3752,G,A,,GGG,G,GGA,G,607006,599171,37,40210,39646,37,0.062121,647285,0,TRUE,257702,239856,37,9550,8809,37,0.035729,267290,0,TRUE,0.048925,N
M5-AK22-SI-astro-rdrp-F3.filtered.tsv,AK22,rat_astro_F_F3,M5,1,B6,concatenated_rat-AK22-SI-astro-rdrp-F3_threshold_0_quality_20,3752,G,A,,GGG,G,GGA,G,494992,9473,37,43757,837,37,0.0812064,538837,0,TRUE,319174,5726,37,11890,211,37,0.035534,334609,0,TRUE,0.0583702,N
M3-AK22-SI-astro-rdrp-F3.filtered.tsv,AK22,rat_astro_F_F3,M3,1,B6,concatenated_rat-AK22-SI-astro-rdrp-F3_threshold_0_quality_20,3755,A,G,,CAA,Q,CAG,Q,597709,4415,37,54980,370,37,0.0842247,652778,0,TRUE,445320,6333,37,17930,230,37,0.0386985,463326,0,TRUE,0.0614616,N
M5-AK22-SI-astro-rdrp-F3.filtered.tsv,AK22,rat_astro_F_F3,M5,1,B6,concatenated_rat-AK22-SI-astro-rdrp-F3_threshold_0_quality_20,3755,A,G,,CAA,Q,CAG,Q,495942,9624,37,43107,835,37,0.0799545,539144,0,TRUE,323193,5888,37,11687,210,37,0.0348926,334942,0,TRUE,0.05742355,N
M1-AK22-SI-astro-rdrp-F2.filtered.tsv,AK22,rat_astro_F_F2,M1,1,rat_1,Concatenated,3782,T,A,,ATT,I,ATA,I,44,44,33,24,11,34,0.352941,68,6.11E-09,TRUE,54,53,33,56,22,35,0.509091,110,1.33E-21,TRUE,0.431016,Y
M2-AK22-SI-astro-rdrp-F2.filtered.tsv,AK22,rat_astro_F_F2,M2,1,rat_2,Concatenated,3782,T,A,,ATT,I,ATA,I,49,48,33,59,17,35,0.546296,108,3.51E-23,TRUE,117,115,33,28,6,35,0.193103,145,9.74E-10,TRUE,0.3696995,Y
M3-AK22-SI-astro-rdrp-F2.filtered.tsv,AK22,rat_astro_F_F2,M3,1,B6,Concatenated,3782,T,A,,ATT,I,ATA,I,46,44,34,134,32,35,0.744444,180,4.16E-59,TRUE,87,87,33,45,14,35,0.340909,132,3.65E-16,TRUE,0.5426765,Y
M4-AK22-SI-astro-rdrp-F2.filtered.tsv,AK22,rat_astro_F_F2,M4,1,B6,Concatenated,3782,T,A,,ATT,I,ATA,I,55,53,34,97,24,35,0.638158,152,6.86E-40,TRUE,63,62,33,67,15,35,0.515385,130,7.86E-26,TRUE,0.5767715,Y
M5-AK22-SI-astro-rdrp-F2.filtered.tsv,AK22,rat_astro_F_F2,M5,1,B6,Concatenated,3782,T,A,,ATT,I,ATA,I,67,64,34,51,18,34,0.432203,118,5.37E-19,TRUE,44,42,33,152,16,36,0.77551,196,1.21E-68,TRUE,0.6038565,Y
M1-AK22-SI-astro-rdrp-F2.filtered.tsv,AK22,rat_astro_F_F2,M1,1,rat_1,Concatenated,3783,N,C,,,,,,0,0,0,2,1,36,1,2,0.333333,FALSE,0,0,0,2,1,36,1,2,0.333333,FALSE,1,Y
M2-AK22-SI-astro-rdrp-F2.filtered.tsv,AK22,rat_astro_F_F2,M2,1,rat_2,Concatenated,3783,N,C,,,,,,0,0,0,4,2,36,1,4,0.0285714,FALSE,0,0,0,4,2,36,1,4,0.0285714,FALSE,1,Y
M3-AK22-SI-astro-rdrp-F2.filtered.tsv,AK22,rat_astro_F_F2,M3,1,B6,Concatenated,3783,N,C,,,,,,0,0,0,24,12,36,1,24,6.20E-14,TRUE,0,0,0,5,4,36,1,5,0.00793651,TRUE,1,Y
M4-AK22-SI-astro-rdrp-F2.filtered.tsv,AK22,rat_astro_F_F2,M4,1,B6,Concatenated,3783,N,C,,,,,,0,0,0,14,7,35,0.933333,15,2.49E-08,TRUE,0,0,0,14,8,35,1,14,4.99E-08,TRUE,0.9666665,Y
M5-AK22-SI-astro-rdrp-F2.filtered.tsv,AK22,rat_astro_F_F2,M5,1,B6,Concatenated,3783,N,C,,,,,,0,0,0,2,1,36,1,2,0.333333,FALSE,0,0,0,16,8,36,1,16,3.33E-09,TRUE,1,Y
M3-AK22-SI-astro-rdrp-F3.filtered.tsv,AK22,rat_astro_F_F3,M3,1,B6,concatenated_rat-AK22-SI-astro-rdrp-F3_threshold_0_quality_20,3785,G,A,,GTG,V,GTA,V,597695,5012,37,53338,435,36,0.0818791,651424,0,TRUE,445998,7096,37,17390,277,36,0.0375118,463588,0,TRUE,0.05969545,N
M5-AK22-SI-astro-rdrp-F3.filtered.tsv,AK22,rat_astro_F_F3,M5,1,B6,concatenated_rat-AK22-SI-astro-rdrp-F3_threshold_0_quality_20,3785,G,A,,GTG,V,GTA,V,496777,10632,37,41991,938,36,0.0778891,539113,0,TRUE,323875,6463,37,11351,241,36,0.0338489,335343,0,TRUE,0.055869,N
M3-AK22-SI-astro-rdrp-F3.filtered.tsv,AK22,rat_astro_F_F3,M3,1,B6,concatenated_rat-AK22-SI-astro-rdrp-F3_threshold_0_quality_20,3833,C,T,,AAC,N,AAT,N,589157,5685,37,57731,522,37,0.0892329,646970,0,TRUE,442939,7726,37,17931,307,37,0.0389029,460917,0,TRUE,0.0640679,N
M5-AK22-SI-astro-rdrp-F3.filtered.tsv,AK22,rat_astro_F_F3,M5,1,B6,concatenated_rat-AK22-SI-astro-rdrp-F3_threshold_0_quality_20,3833,C,T,,AAC,N,AAT,N,492939,11027,37,43161,959,37,0.080496,536188,0,TRUE,321016,6682,37,11738,240,37,0.0352687,332816,0,TRUE,0.05788235,N
M3-AK22-SI-astro-rdrp-F3.filtered.tsv,AK22,rat_astro_F_F3,M3,1,B6,concatenated_rat-AK22-SI-astro-rdrp-F3_threshold_0_quality_20,3872,A,G,,GGA,G,GGG,G,613619,36142,53,54755,2794,48,0.081876,668755,0,TRUE,458895,29912,51,18005,1015,47,0.037737,477118,0,TRUE,0.0598065,N
M5-AK22-SI-astro-rdrp-F3.filtered.tsv,AK22,rat_astro_F_F3,M5,1,B6,concatenated_rat-AK22-SI-astro-rdrp-F3_threshold_0_quality_20,3872,A,G,,GGA,G,GGG,G,505833,32244,51,42821,2476,47,0.0780027,548968,0,TRUE,330037,21253,51,11718,696,49,0.0342689,341943,0,TRUE,0.0561358,N
M3-AK22-SI-astro-rdrp-F3.filtered.tsv,AK22,rat_astro_F_F3,M3,1,B6,concatenated_rat-AK22-SI-astro-rdrp-F3_threshold_0_quality_20,3898,T,C,,ATC,I,ACC,T,625150,48169,57,58701,4546,55,0.0858241,683969,0,TRUE,467449,38584,55,19180,1493,53,0.0394083,486699,0,TRUE,0.0626162,N
M5-AK22-SI-astro-rdrp-F3.filtered.tsv,AK22,rat_astro_F_F3,M5,1,B6,concatenated_rat-AK22-SI-astro-rdrp-F3_threshold_0_quality_20,3898,T,C,,ATC,I,ACC,T,520523,41610,56,39487,3001,54,0.0704975,560119,0,TRUE,335792,26935,55,12405,928,54,0.03562,348259,0,TRUE,0.05305875,N
M3-AK22-SI-astro-rdrp-F3.filtered.tsv,AK22,rat_astro_F_F3,M3,1,B6,concatenated_rat-AK22-SI-astro-rdrp-F3_threshold_0_quality_20,3942,G,A,,GAC,D,AAC,N,637388,76163,64,58743,6858,61,0.0843714,696243,0,TRUE,474732,59019,63,19315,2179,60,0.0390894,494124,0,TRUE,0.0617304,N
M5-AK22-SI-astro-rdrp-F3.filtered.tsv,AK22,rat_astro_F_F3,M5,1,B6,concatenated_rat-AK22-SI-astro-rdrp-F3_threshold_0_quality_20,3942,G,A,,GAC,D,AAC,N,523689,63507,63,45791,5004,61,0.0803959,569569,0,TRUE,341439,41804,63,12491,1355,61,0.0352834,354019,0,TRUE,0.05783965,N
M3-AK22-SI-astro-rdrp-F3.filtered.tsv,AK22,rat_astro_F_F3,M3,1,B6,concatenated_rat-AK22-SI-astro-rdrp-F3_threshold_0_quality_20,3953,T,G,,GGT,G,GGG,G,639928,82772,64,58543,7823,61,0.0837942,698652,0,TRUE,477294,64626,62,19236,2491,60,0.0387313,496652,0,TRUE,0.06126275,N
M5-AK22-SI-astro-rdrp-F3.filtered.tsv,AK22,rat_astro_F_F3,M5,1,B6,concatenated_rat-AK22-SI-astro-rdrp-F3_threshold_0_quality_20,3953,T,G,,GGT,G,GGG,G,525987,68875,63,45477,5586,61,0.0795607,571601,0,TRUE,342985,46217,63,12398,1502,61,0.0348751,355497,0,TRUE,0.0572179,N
M3-AK22-SI-astro-rdrp-F3.filtered.tsv,AK22,rat_astro_F_F3,M3,1,B6,concatenated_rat-AK22-SI-astro-rdrp-F3_threshold_0_quality_20,3968,A,G,,CCA,P,CCG,P,643494,99513,63,59526,10015,59,0.084657,703143,0,TRUE,480539,77743,62,19844,3198,59,0.0396509,500468,0,TRUE,0.06215395,N
M5-AK22-SI-astro-rdrp-F3.filtered.tsv,AK22,rat_astro_F_F3,M5,1,B6,concatenated_rat-AK22-SI-astro-rdrp-F3_threshold_0_quality_20,3968,A,G,,CCA,P,CCG,P,529388,81827,62,46371,7131,59,0.0805283,575835,0,TRUE,345792,55335,62,12732,1968,59,0.0355055,358592,0,TRUE,0.0580169,N
M1-AK22-SI-astro-rdrp-F3.filtered.tsv,AK22,rat_astro_F_F3,M1,1,rat_1,concatenated_rat-AK22-SI-astro-rdrp-F3_threshold_0_quality_20,3998,C,T,,TAC,Y,TAT,Y,506376,110861,60,87229,19122,58,0.146912,593751,0,TRUE,315206,76302,59,53964,13147,57,0.146141,369261,0,TRUE,0.1465265,N
M3-AK22-SI-astro-rdrp-F3.filtered.tsv,AK22,rat_astro_F_F3,M3,1,B6,concatenated_rat-AK22-SI-astro-rdrp-F3_threshold_0_quality_20,3998,C,T,,TAC,Y,TAT,Y,581954,123811,60,114525,25871,58,0.164398,696631,0,TRUE,449675,100416,60,47923,10708,57,0.0962872,497709,0,TRUE,0.1303426,N
M4-AK22-SI-astro-rdrp-F3.filtered.tsv,AK22,rat_astro_F_F3,M4,1,B6,concatenated_rat-AK22-SI-astro-rdrp-F3_threshold_0_quality_20,3998,C,T,,TAC,Y,TAT,Y,381268,83101,60,22413,4994,56,0.0555129,403744,0,TRUE,348340,71154,60,25751,5248,58,0.0688274,374139,0,TRUE,0.06217015,N
M5-AK22-SI-astro-rdrp-F3.filtered.tsv,AK22,rat_astro_F_F3,M5,1,B6,concatenated_rat-AK22-SI-astro-rdrp-F3_threshold_0_quality_20,3998,C,T,,TAC,Y,TAT,Y,511553,106597,60,61950,12839,58,0.108003,573597,0,TRUE,327049,71149,60,30322,6608,58,0.084831,357440,0,TRUE,0.096417,N
M3-AK22-SI-astro-rdrp-F3.filtered.tsv,AK22,rat_astro_F_F3,M3,1,B6,concatenated_rat-AK22-SI-astro-rdrp-F3_threshold_0_quality_20,4010,T,C,,TTT,F,TTC,F,635635,159353,61,59159,16975,57,0.0851131,695063,0,TRUE,476322,125412,60,19880,5414,57,0.0400463,496426,0,TRUE,0.0625797,N
M5-AK22-SI-astro-rdrp-F3.filtered.tsv,AK22,rat_astro_F_F3,M5,1,B6,concatenated_rat-AK22-SI-astro-rdrp-F3_threshold_0_quality_20,4010,T,C,,TTT,F,TTC,F,525956,127883,60,46339,11942,57,0.0809435,572486,0,TRUE,343290,86874,60,12668,3276,57,0.0355736,356107,0,TRUE,0.05825855,N
M3-AK22-SI-astro-rdrp-F3.filtered.tsv,AK22,rat_astro_F_F3,M3,1,B6,concatenated_rat-AK22-SI-astro-rdrp-F3_threshold_0_quality_20,4025,T,C,,ATT,I,ATC,I,629846,220351,58,58191,22120,54,0.0845493,688249,0,TRUE,471969,170949,57,19401,6892,54,0.0394706,491530,0,TRUE,0.06200995,N
M5-AK22-SI-astro-rdrp-F3.filtered.tsv,AK22,rat_astro_F_F3,M5,1,B6,concatenated_rat-AK22-SI-astro-rdrp-F3_threshold_0_quality_20,4025,T,C,,ATT,I,ATC,I,516747,172111,58,45509,15262,56,0.0801055,568113,0,TRUE,341353,117407,57,12278,4087,55,0.034709,353741,0,TRUE,0.05740725,N
M1-AK22-SI-astro-rdrp-F3.filtered.tsv,AK22,rat_astro_F_F3,M1,1,rat_1,concatenated_rat-AK22-SI-astro-rdrp-F3_threshold_0_quality_20,4037,T,C,,TAT,Y,TAC,Y,426470,421241,37,115827,114372,37,0.213537,542420,0,TRUE,264611,260501,37,73462,72367,36,0.217262,338127,0,TRUE,0.2153995,N
M2-AK22-SI-astro-rdrp-F3.filtered.tsv,AK22,rat_astro_F_F3,M2,1,rat_2,concatenated_rat-AK22-SI-astro-rdrp-F3_threshold_0_quality_20,4037,T,C,,TAT,Y,TAC,Y,545219,537244,37,61374,60464,37,0.101159,606711,0,TRUE,537076,530130,37,63098,62291,36,0.105105,600332,0,TRUE,0.103132,N
M3-AK22-SI-astro-rdrp-F3.filtered.tsv,AK22,rat_astro_F_F3,M3,1,B6,concatenated_rat-AK22-SI-astro-rdrp-F3_threshold_0_quality_20,4037,T,C,,TAT,Y,TAC,Y,523813,518175,37,110525,109278,37,0.174208,634441,0,TRUE,367377,359917,37,83924,82306,36,0.185937,451358,0,TRUE,0.1800725,N
M4-AK22-SI-astro-rdrp-F3.filtered.tsv,AK22,rat_astro_F_F3,M4,1,B6,concatenated_rat-AK22-SI-astro-rdrp-F3_threshold_0_quality_20,4037,T,C,,TAT,Y,TAC,Y,301322,295335,37,64009,62652,36,0.175179,365392,0,TRUE,279915,270665,37,62146,60110,36,0.18165,342120,0,TRUE,0.1784145,N
M5-AK22-SI-astro-rdrp-F3.filtered.tsv,AK22,rat_astro_F_F3,M5,1,B6,concatenated_rat-AK22-SI-astro-rdrp-F3_threshold_0_quality_20,4037,T,C,,TAT,Y,TAC,Y,462214,450687,37,57147,55756,36,0.109997,519533,0,TRUE,264414,258363,37,60889,59507,36,0.187143,325360,0,TRUE,0.14857,N
M3-AK22-SI-astro-rdrp-F3.filtered.tsv,AK22,rat_astro_F_F3,M3,1,B6,concatenated_rat-AK22-SI-astro-rdrp-F3_threshold_0_quality_20,4061,C,T,,GGC,G,GGT,G,587487,581606,37,54430,53871,37,0.0847797,642017,0,TRUE,438492,430157,37,18038,17610,37,0.0395055,456595,0,TRUE,0.0621426,N
M5-AK22-SI-astro-rdrp-F3.filtered.tsv,AK22,rat_astro_F_F3,M5,1,B6,concatenated_rat-AK22-SI-astro-rdrp-F3_threshold_0_quality_20,4061,C,T,,GGC,G,GGT,G,489328,476951,37,42750,41566,37,0.0803315,532170,0,TRUE,317712,310486,37,11504,11252,37,0.0349376,329273,0,TRUE,0.05763455,N
M3-AK22-SI-astro-rdrp-F3.filtered.tsv,AK22,rat_astro_F_F3,M3,1,B6,concatenated_rat-AK22-SI-astro-rdrp-F3_threshold_0_quality_20,4073,C,T,,GCC,A,GCT,A,586670,580979,37,52347,51799,36,0.0818597,639472,0,TRUE,438271,430089,37,17359,16938,36,0.0380765,455898,0,TRUE,0.0599681,N
M5-AK22-SI-astro-rdrp-F3.filtered.tsv,AK22,rat_astro_F_F3,M5,1,B6,concatenated_rat-AK22-SI-astro-rdrp-F3_threshold_0_quality_20,4073,C,T,,GCC,A,GCT,A,488124,475702,37,41073,39878,36,0.0775546,529601,0,TRUE,316687,309437,37,11006,10747,36,0.0335636,327915,0,TRUE,0.0555591,N
M3-AK22-SI-astro-rdrp-F3.filtered.tsv,AK22,rat_astro_F_F3,M3,1,B6,concatenated_rat-AK22-SI-astro-rdrp-F3_threshold_0_quality_20,4088,T,C,,CCT,P,CCC,P,592131,586736,37,54637,54117,37,0.0844532,646950,0,TRUE,441858,433976,37,18116,17712,36,0.0393717,460128,0,TRUE,0.06191245,N
M5-AK22-SI-astro-rdrp-F3.filtered.tsv,AK22,rat_astro_F_F3,M5,1,B6,concatenated_rat-AK22-SI-astro-rdrp-F3_threshold_0_quality_20,4088,T,C,,CCT,P,CCC,P,493846,481590,37,43085,41936,37,0.0802168,537107,0,TRUE,320786,313609,37,11592,11340,36,0.034864,332492,0,TRUE,0.0575404,N
M3-AK22-SI-astro-rdrp-F3.filtered.tsv,AK22,rat_astro_F_F3,M3,1,B6,concatenated_rat-AK22-SI-astro-rdrp-F3_threshold_0_quality_20,4091,T,C,,GCT,A,GCC,A,592561,587270,37,51610,51121,37,0.0800936,644371,0,TRUE,442190,434449,37,18236,17833,37,0.0395949,460564,0,TRUE,0.05984425,N
M5-AK22-SI-astro-rdrp-F3.filtered.tsv,AK22,rat_astro_F_F3,M5,1,B6,concatenated_rat-AK22-SI-astro-rdrp-F3_threshold_0_quality_20,4091,T,C,,GCT,A,GCC,A,494219,482134,37,43417,42274,37,0.0807341,537778,0,TRUE,321218,314132,37,11648,11400,36,0.0349834,332958,0,TRUE,0.05785875,N
M1-AK22-SI-astro-rdrp-F3.filtered.tsv,AK22,rat_astro_F_F3,M1,1,rat_1,concatenated_rat-AK22-SI-astro-rdrp-F3_threshold_0_quality_20,4169,C,A,,TCC,S,TCA,S,53,51,34,29,17,34,0.345238,84,7.50E-11,TRUE,26,26,34,55,30,35,0.662651,83,9.50E-24,TRUE,0.5039445,Y
M2-AK22-SI-astro-rdrp-F3.filtered.tsv,AK22,rat_astro_F_F3,M2,1,rat_2,concatenated_rat-AK22-SI-astro-rdrp-F3_threshold_0_quality_20,4169,C,A,,TCC,S,TCA,S,81,79,34,54,28,34,0.394161,137,5.59E-20,TRUE,64,63,34,61,36,34,0.476562,128,1.34E-23,TRUE,0.4353615,Y
M3-AK22-SI-astro-rdrp-F3.filtered.tsv,AK22,rat_astro_F_F3,M3,1,B6,concatenated_rat-AK22-SI-astro-rdrp-F3_threshold_0_quality_20,4169,C,A,,TCC,S,TCA,S,85,82,33,58,40,34,0.4,145,1.85E-21,TRUE,65,64,33,67,39,34,0.5,134,5.58E-26,TRUE,0.45,Y
M4-AK22-SI-astro-rdrp-F3.filtered.tsv,AK22,rat_astro_F_F3,M4,1,B6,concatenated_rat-AK22-SI-astro-rdrp-F3_threshold_0_quality_20,4169,C,A,,TCC,S,TCA,S,44,43,33,50,27,34,0.531915,94,1.43E-19,TRUE,49,44,34,81,32,35,0.623077,130,4.50E-33,TRUE,0.577496,Y
M5-AK22-SI-astro-rdrp-F3.filtered.tsv,AK22,rat_astro_F_F3,M5,1,B6,concatenated_rat-AK22-SI-astro-rdrp-F3_threshold_0_quality_20,4169,C,A,,TCC,S,TCA,S,54,49,33,60,21,34,0.526316,114,2.56E-23,TRUE,42,40,34,47,23,35,0.522222,90,1.60E-18,TRUE,0.524269,Y