experiment,primer_set,mouse_ivar_number,cage,pet_store_mouse_ivar_number,pet_store,mouse_genotype,REGION,POS,REF,ALT,GFF_FEATURE,REF_CODON,REF_AA,ALT_CODON,ALT_AA,REF_DP_repA,REF_RV_repA,REF_QUAL_repA,ALT_DP_repA,ALT_RV_repA,ALT_QUAL_repA,ALT_FREQ_repA,TOTAL_DP_repA,PVAL_repA,PASS_repA,REF_DP_repB,REF_RV_repB,REF_QUAL_repB,ALT_DP_repB,ALT_RV_repB,ALT_QUAL_repB,ALT_FREQ_repB,TOTAL_DP_repB,PVAL_repB,PASS_repB,average_variant_freq,exclude_from_final
AJ04,kobu_A_F1,M2,1,M5,C,IFNAR_ko_cohoused,Consensus_M5-AJ04-SI-kobu-3dpol-A1_threshold_0_quality_20,7175,N,C,,,,,,0,0,0,1,1,33,1,1,1,FALSE,0,0,0,1,0,34,1,1,1,FALSE,1,Y
AJ04,kobu_A_F1,M2,1,M5,C,IFNAR_ko_cohoused,Consensus_M5-AJ04-SI-kobu-3dpol-A1_threshold_0_quality_20,7176,N,A,,,,,,0,0,0,1,1,38,0.333333,3,0.333333,FALSE,0,0,0,1,0,34,1,1,1,FALSE,0.6666665,Y
AJ04,kobu_A_F1,M2,1,M5,C,IFNAR_ko_cohoused,Consensus_M5-AJ04-SI-kobu-3dpol-A1_threshold_0_quality_20,7177,G,T,,GTG,V,TTG,L,133,59,35,25,15,35,0.158228,158,1.15E-08,TRUE,117,51,35,27,15,34,0.186207,145,1.94E-09,TRUE,0.1722175,Y
AJ04,kobu_A_F1,M3,1,M5,C,IFNLR_ko_cohoused,Consensus_M5-AJ04-SI-kobu-3dpol-A1_threshold_0_quality_20,7177,G,T,,GTG,V,TTG,L,73,31,35,24,12,34,0.247423,97,1.34E-08,TRUE,87,35,35,17,8,34,0.163462,104,4.08E-06,TRUE,0.2054425,Y
AJ04,kobu_A_F1,M5,1,M5,C,petstore_C,Consensus_M5-AJ04-SI-kobu-3dpol-A1_threshold_0_quality_20,7177,G,T,,GTG,V,TTG,L,72,27,34,14,6,34,0.162791,86,3.74E-05,TRUE,48,20,35,8,3,35,0.142857,56,0.00321723,TRUE,0.152824,Y
AJ04,kobu_A_F1,M2,1,M5,C,IFNAR_ko_cohoused,Consensus_M5-AJ04-SI-kobu-3dpol-A1_threshold_0_quality_20,7182,T,C,,GAT,D,GAC,D,172428,850,57,103549,502,57,0.375172,276004,0,TRUE,194660,841,57,117046,478,57,0.375462,311739,0,TRUE,0.375317,Y
AJ04,kobu_A_F1,M3,1,M5,C,IFNLR_ko_cohoused,Consensus_M5-AJ04-SI-kobu-3dpol-A1_threshold_0_quality_20,7182,T,C,,GAT,D,GAC,D,136694,595,56,80977,321,57,0.371971,217697,0,TRUE,132433,603,55,80856,368,55,0.379049,213313,0,TRUE,0.37551,Y
AJ04,kobu_A_F1,M5,1,M5,C,petstore_C,Consensus_M5-AJ04-SI-kobu-3dpol-A1_threshold_0_quality_20,7182,T,C,,GAT,D,GAC,D,144749,504,56,86514,297,56,0.374052,231289,0,TRUE,77502,284,55,45611,151,56,0.370439,123127,0,TRUE,0.3722455,Y
AJ04,kobu_A_F1,M2,1,M5,C,IFNAR_ko_cohoused,Consensus_M5-AJ04-SI-kobu-3dpol-A1_threshold_0_quality_20,7188,G,A,,AAG,K,AAA,K,159025,1253,62,118311,815,62,0.426498,277401,0,TRUE,181258,1258,62,132043,798,62,0.421354,313378,0,TRUE,0.423926,Y
AJ04,kobu_A_F1,M3,1,M5,C,IFNLR_ko_cohoused,Consensus_M5-AJ04-SI-kobu-3dpol-A1_threshold_0_quality_20,7188,G,A,,AAG,K,AAA,K,126138,887,62,92703,581,61,0.423545,218874,0,TRUE,123583,969,61,91040,582,60,0.424057,214688,0,TRUE,0.423801,Y
AJ04,kobu_A_F1,M5,1,M5,C,petstore_C,Consensus_M5-AJ04-SI-kobu-3dpol-A1_threshold_0_quality_20,7188,G,A,,AAG,K,AAA,K,133647,770,62,98584,524,61,0.424401,232290,0,TRUE,70568,464,61,53142,267,60,0.429451,123744,0,TRUE,0.426926,Y
AJ04,kobu_A_F1,M2,1,M5,C,IFNAR_ko_cohoused,Consensus_M5-AJ04-SI-kobu-3dpol-A1_threshold_0_quality_20,7386,C,T,,ATC,I,ATT,I,150433,8214,72,129023,7784,71,0.461546,279545,0,TRUE,174921,7606,73,140666,6630,72,0.445626,315659,0,TRUE,0.453586,Y
AJ04,kobu_A_F1,M3,1,M5,C,IFNLR_ko_cohoused,Consensus_M5-AJ04-SI-kobu-3dpol-A1_threshold_0_quality_20,7386,C,T,,ATC,I,ATT,I,120104,6005,72,100617,5583,71,0.455757,220769,0,TRUE,117711,6602,72,99054,6032,71,0.456849,216820,0,TRUE,0.456303,Y
AJ04,kobu_A_F1,M5,1,M5,C,petstore_C,Consensus_M5-AJ04-SI-kobu-3dpol-A1_threshold_0_quality_20,7386,C,T,,ATC,I,ATT,I,125457,4814,73,108398,4425,72,0.463394,233922,0,TRUE,67446,3229,72,57338,3020,72,0.459373,124818,0,TRUE,0.4613835,Y
AJ04,kobu_A_F1,M2,1,M5,C,IFNAR_ko_cohoused,Consensus_M5-AJ04-SI-kobu-3dpol-A1_threshold_0_quality_20,7395,C,T,,ATC,I,ATT,I,212,68,35,93,49,35,0.303922,306,2.48E-32,TRUE,221,73,35,97,50,35,0.305031,318,1.08E-33,TRUE,0.3044765,Y
AJ04,kobu_A_F1,M3,1,M5,C,IFNLR_ko_cohoused,Consensus_M5-AJ04-SI-kobu-3dpol-A1_threshold_0_quality_20,7395,C,T,,ATC,I,ATT,I,147,43,35,62,34,35,0.296651,209,1.05E-21,TRUE,141,52,36,47,24,35,0.25,188,3.02E-16,TRUE,0.2733255,Y
AJ04,kobu_A_F1,M5,1,M5,C,petstore_C,Consensus_M5-AJ04-SI-kobu-3dpol-A1_threshold_0_quality_20,7395,C,T,,ATC,I,ATT,I,156,57,36,49,26,35,0.239024,205,7.72E-17,TRUE,59,29,36,21,11,34,0.2625,80,1.21E-07,TRUE,0.250762,Y
AJ04,kobu_A_F1,M2,1,M5,C,IFNAR_ko_cohoused,Consensus_M5-AJ04-SI-kobu-3dpol-A1_threshold_0_quality_20,7397,G,T,,TGN,X,TTN,X,50,8,35,4,0,25,0.0740741,54,0.0612817,FALSE,61,11,35,6,0,24,0.0895522,67,0.013903,FALSE,0.08181315,Y
AJ04,kobu_A_F1,M2,1,M5,C,IFNAR_ko_cohoused,Consensus_M5-AJ04-SI-kobu-3dpol-A1_threshold_0_quality_20,7398,N,A,,,,,,0,0,0,2,1,37,0.4,5,0.0666667,FALSE,0,0,0,1,1,38,0.125,8,0.125,FALSE,0.2625,Y
AJ04,kobu_A_F1,M2,1,M5,C,IFNAR_ko_cohoused,Consensus_M5-AJ04-SI-kobu-3dpol-A1_threshold_0_quality_20,7398,N,T,,,,,,0,0,0,3,0,37,0.6,5,0.0285714,FALSE,0,0,0,7,0,37,0.875,8,0.000291375,TRUE,0.7375,Y
AJ04,kobu_A_F1,M3,1,M5,C,IFNLR_ko_cohoused,Consensus_M5-AJ04-SI-kobu-3dpol-A1_threshold_0_quality_20,7398,N,T,,,,,,0,0,0,4,0,30,0.8,5,0.0142857,FALSE,0,0,0,7,0,37,1,7,0.000582751,TRUE,0.9,Y
AJ04,kobu_A_F1,M5,1,M5,C,petstore_C,Consensus_M5-AJ04-SI-kobu-3dpol-A1_threshold_0_quality_20,7398,N,T,,,,,,0,0,0,5,0,37,1,5,0.00793651,TRUE,0,0,0,2,1,36,1,2,0.333333,FALSE,1,Y
AJ04,kobu_A_F1,M2,1,M5,C,IFNAR_ko_cohoused,Consensus_M5-AJ04-SI-kobu-3dpol-A1_threshold_0_quality_20,7399,N,C,,,,,,0,0,0,1,0,22,1,1,1,FALSE,0,0,0,5,0,35,1,5,0.00793651,TRUE,1,Y
AJ04,kobu_A_F1,M3,1,M5,C,IFNLR_ko_cohoused,Consensus_M5-AJ04-SI-kobu-3dpol-A1_threshold_0_quality_20,7399,N,C,,,,,,0,0,0,2,0,27,1,2,0.333333,FALSE,0,0,0,2,0,38,1,2,0.333333,FALSE,1,Y
AJ04,kobu_C_F1,M1,1,M5,C,b6_cohoused,Consensus_M5-AJ04-SI-kobu-vp-C1_threshold_0_quality_20,3632,G,T,,,,,,87,0,34,7,0,34,0.0744681,94,0.00722787,TRUE,86,0,34,3,0,34,0.0337079,89,0.124988,FALSE,0.054088,Y
AJ04,kobu_C_F1,M2,1,M5,C,IFNAR_ko_cohoused,Consensus_M5-AJ04-SI-kobu-vp-C1_threshold_0_quality_20,3632,G,T,,,,,,33,0,34,3,0,34,0.0833333,36,0.124923,FALSE,98,0,34,9,0,34,0.0841121,107,0.00171115,TRUE,0.0837227,Y
AJ04,kobu_C_F1,M5,1,M5,C,petstore_C,Consensus_M5-AJ04-SI-kobu-vp-C1_threshold_0_quality_20,3632,G,T,,,,,,112,0,34,5,0,34,0.042735,117,0.0305707,FALSE,43,0,34,4,0,34,0.0851064,47,0.0610894,FALSE,0.0639207,Y
AJ04,kobu_C_F1,M1,1,M5,C,b6_cohoused,Consensus_M5-AJ04-SI-kobu-vp-C1_threshold_0_quality_20,3711,A,C,,ACA,T,CCA,P,167483,1,37,141330,0,37,0.457537,308893,0,TRUE,810,0,31,341413,1,37,0.997519,342262,0,TRUE,0.727528,N
AJ04,kobu_C_F1,M2,1,M5,C,IFNAR_ko_cohoused,Consensus_M5-AJ04-SI-kobu-vp-C1_threshold_0_quality_20,3711,A,C,,ACA,T,CCA,P,101068,0,37,30973,0,37,0.234495,132084,0,TRUE,905,0,31,294960,0,37,0.996881,295883,0,TRUE,0.615688,N
AJ04,kobu_C_F1,M3,1,M5,C,IFNLR_ko_cohoused,Consensus_M5-AJ04-SI-kobu-vp-C1_threshold_0_quality_20,3711,A,C,,ACA,T,CCA,P,74,0,34,7411,0,37,0.989717,7488,0,TRUE,1160,0,31,397765,1,37,0.996987,398967,0,TRUE,0.993352,N
AJ04,kobu_C_F1,M1,1,M5,C,b6_cohoused,Consensus_M5-AJ04-SI-kobu-vp-C1_threshold_0_quality_20,3774,T,C,,TGG,W,CGG,R,165056,0,37,142555,0,37,0.463398,307630,0,TRUE,224,0,31,341033,0,37,0.99932,341265,0,TRUE,0.731359,N
AJ04,kobu_C_F1,M2,1,M5,C,IFNAR_ko_cohoused,Consensus_M5-AJ04-SI-kobu-vp-C1_threshold_0_quality_20,3774,T,C,,TGG,W,CGG,R,105,0,32,131676,0,37,0.999165,131786,0,TRUE,253,0,30,294650,0,37,0.999098,294916,0,TRUE,0.9991315,N
AJ04,kobu_C_F1,M3,1,M5,C,IFNLR_ko_cohoused,Consensus_M5-AJ04-SI-kobu-vp-C1_threshold_0_quality_20,3774,T,C,,TGG,W,CGG,R,32,0,36,7426,0,37,0.995576,7459,0,TRUE,296,0,32,397303,0,37,0.99922,397613,0,TRUE,0.997398,N
AJ04,kobu_C_F1,M5,1,M5,C,petstore_C,Consensus_M5-AJ04-SI-kobu-vp-C1_threshold_0_quality_20,3774,T,C,,TGG,W,CGG,R,268707,0,37,65242,1,37,0.195357,333963,0,TRUE,142369,0,37,166444,0,37,0.538955,308827,0,TRUE,0.367156,N
AJ04,kobu_C_F1,M1,1,M5,C,b6_cohoused,Consensus_M5-AJ04-SI-kobu-vp-C1_threshold_0_quality_20,3792,C,T,,CGC,R,TGC,C,164504,0,37,142409,0,37,0.463971,306935,0,TRUE,269,0,30,339877,0,37,0.999159,340163,0,TRUE,0.731565,N
AJ04,kobu_C_F1,M2,1,M5,C,IFNAR_ko_cohoused,Consensus_M5-AJ04-SI-kobu-vp-C1_threshold_0_quality_20,3792,C,T,,CGC,R,TGC,C,184,0,31,130949,0,37,0.998513,131144,0,TRUE,327,0,29,293566,0,37,0.998806,293917,0,TRUE,0.9986595,N
AJ04,kobu_C_F1,M3,1,M5,C,IFNLR_ko_cohoused,Consensus_M5-AJ04-SI-kobu-vp-C1_threshold_0_quality_20,3792,C,T,,CGC,R,TGC,C,29,0,36,7400,0,37,0.995962,7430,0,TRUE,340,0,30,395764,0,37,0.999084,396127,0,TRUE,0.997523,N
AJ04,kobu_C_F1,M5,1,M5,C,petstore_C,Consensus_M5-AJ04-SI-kobu-vp-C1_threshold_0_quality_20,3792,C,T,,CGC,R,TGC,C,268428,0,37,64981,1,37,0.194889,333426,0,TRUE,142202,0,37,165946,0,37,0.538501,308163,0,TRUE,0.366695,N
AJ04,kobu_C_F1,M1,1,M5,C,b6_cohoused,Consensus_M5-AJ04-SI-kobu-vp-C1_threshold_0_quality_20,3840,T,A,,TGC,C,AGC,S,162603,16,38,140973,31,38,0.464232,303669,0,TRUE,215,0,29,336399,72,38,0.9991,336702,0,TRUE,0.731666,N
AJ04,kobu_C_F1,M2,1,M5,C,IFNAR_ko_cohoused,Consensus_M5-AJ04-SI-kobu-vp-C1_threshold_0_quality_20,3840,T,A,,TGC,C,AGC,S,99354,25,38,30548,5,38,0.235118,129926,0,TRUE,298,0,29,290307,64,38,0.998775,290663,0,TRUE,0.6169465,N
AJ04,kobu_C_F1,M3,1,M5,C,IFNLR_ko_cohoused,Consensus_M5-AJ04-SI-kobu-vp-C1_threshold_0_quality_20,3840,T,A,,TGC,C,AGC,S,43,0,36,7290,2,38,0.994001,7334,0,TRUE,323,0,29,391247,74,38,0.998933,391665,0,TRUE,0.996467,N
AJ04,kobu_C_F1,M1,1,M5,C,b6_cohoused,Consensus_M5-AJ04-SI-kobu-vp-C1_threshold_0_quality_20,3876,A,G,,ATG,M,GTG,V,156289,1061,50,138312,1187,53,0.46944,294632,0,TRUE,117,0,34,327836,2288,55,0.999598,327968,0,TRUE,0.734519,N
AJ04,kobu_C_F1,M2,1,M5,C,IFNAR_ko_cohoused,Consensus_M5-AJ04-SI-kobu-vp-C1_threshold_0_quality_20,3876,A,G,,ATG,M,GTG,V,95849,780,51,29995,290,54,0.238315,125863,0,TRUE,166,3,33,282296,1829,52,0.999366,282475,0,TRUE,0.6188405,N
AJ04,kobu_C_F1,M3,1,M5,C,IFNLR_ko_cohoused,Consensus_M5-AJ04-SI-kobu-vp-C1_threshold_0_quality_20,3876,A,G,,ATG,M,GTG,V,36,0,35,7131,59,54,0.994977,7167,0,TRUE,165,4,34,380732,2639,55,0.999527,380912,0,TRUE,0.997252,N
AJ04,kobu_C_F1,M5,1,M5,C,petstore_C,Consensus_M5-AJ04-SI-kobu-vp-C1_threshold_0_quality_20,3876,A,G,,ATG,M,GTG,V,226437,2776,50,95111,1417,54,0.295752,321590,0,TRUE,135206,782,51,160101,1140,54,0.542107,295331,0,TRUE,0.4189295,N
AJ04,kobu_C_F1,M1,1,M5,C,b6_cohoused,Consensus_M5-AJ04-SI-kobu-vp-C1_threshold_0_quality_20,4121,N,C,,,,,,0,0,0,54,54,33,1,54,8.05E-32,TRUE,0,0,0,72,72,34,1,72,1.35E-42,TRUE,1,Y
AJ04,kobu_C_F1,M2,1,M5,C,IFNAR_ko_cohoused,Consensus_M5-AJ04-SI-kobu-vp-C1_threshold_0_quality_20,4121,N,C,,,,,,0,0,0,15,15,33,1,15,1.29E-08,TRUE,0,0,0,51,51,34,1,51,5.00E-30,TRUE,1,Y
AJ04,kobu_C_F1,M3,1,M5,C,IFNLR_ko_cohoused,Consensus_M5-AJ04-SI-kobu-vp-C1_threshold_0_quality_20,4121,N,C,,,,,,0,0,0,1,1,34,1,1,1,FALSE,0,0,0,75,75,33,1,75,2.15E-44,TRUE,1,Y
AJ04,kobu_C_F1,M5,1,M5,C,petstore_C,Consensus_M5-AJ04-SI-kobu-vp-C1_threshold_0_quality_20,4121,N,C,,,,,,0,0,0,61,61,34,0.983871,62,2.61E-36,TRUE,0,0,0,50,50,33,1,50,1.98E-29,TRUE,0.9919355,Y
AJ04,kobu_C_F1,M1,1,M5,C,b6_cohoused,Consensus_M5-AJ04-SI-kobu-vp-C1_threshold_0_quality_20,4122,N,T,,,,,,0,0,0,5,5,36,1,5,0.00793651,TRUE,0,0,0,5,5,35,1,5,0.00793651,TRUE,1,Y
AJ04,kobu_C_F1,M2,1,M5,C,IFNAR_ko_cohoused,Consensus_M5-AJ04-SI-kobu-vp-C1_threshold_0_quality_20,4122,N,T,,,,,,0,0,0,5,5,30,1,5,0.00793651,TRUE,0,0,0,6,6,36,1,6,0.0021645,TRUE,1,Y
AJ04,kobu_C_F1,M5,1,M5,C,petstore_C,Consensus_M5-AJ04-SI-kobu-vp-C1_threshold_0_quality_20,4122,N,T,,,,,,0,0,0,7,7,35,1,7,0.000291375,TRUE,0,0,0,4,4,37,1,4,0.0285714,FALSE,1,Y
AJ04,kobu_C_F1,M1,1,M5,C,b6_cohoused,Consensus_M5-AJ04-SI-kobu-vp-C1_threshold_0_quality_20,7299,C,T,,,,,,4,2,37,1,1,32,0.166667,6,0.454545,FALSE,0,0,0,4,2,34,1,4,0.0285714,FALSE,0.5833335,Y
AJ04,kobu_C_F1,M1,1,M5,C,b6_cohoused,Consensus_M5-AJ04-SI-kobu-vp-C1_threshold_0_quality_20,7386,T,C,,,,,,2,1,29,3,2,38,0.6,5,0.119048,FALSE,2,1,30,2,1,38,0.5,4,0.285714,FALSE,0.55,Y
AK02,kobu_A_F1,M8,2,M8,X,petstore,Consensus_M8-AK02-SI-kobu-3dpol-A1_threshold_0_quality_20,7176,N,T,,,,,,0,0,0,1,1,36,0.5,2,0.5,FALSE,0,0,0,2,1,35,0.333333,6,0.047619,FALSE,0.4166665,Y
AK02,kobu_A_F1,M5,2,M8,X,b6_cohoused,Consensus_M8-AK02-SI-kobu-3dpol-A1_threshold_0_quality_20,7177,G,T,,GTG,V,TTG,L,144,60,35,16,8,35,0.1,160,1.08E-05,TRUE,153,67,35,14,7,33,0.0838323,167,4.80E-05,TRUE,0.09191615,Y
AK02,kobu_A_F1,M7,2,M8,X,IFNAR_ko_cohoused,Consensus_M8-AK02-SI-kobu-3dpol-A1_threshold_0_quality_20,7177,G,T,,GTG,V,TTG,L,156,71,35,18,10,37,0.103448,174,2.40E-06,TRUE,135,59,35,23,12,35,0.14557,158,5.42E-08,TRUE,0.124509,Y
AK02,kobu_A_F1,M8,2,M8,X,petstore,Consensus_M8-AK02-SI-kobu-3dpol-A1_threshold_0_quality_20,7177,G,T,,GTG,V,TTG,L,157,70,35,28,14,35,0.151351,185,1.34E-09,TRUE,169,73,35,13,7,35,0.0714286,182,0.000101394,TRUE,0.1113898,Y
AK02,kobu_A_F1,M5,2,M8,X,b6_cohoused,Consensus_M8-AK02-SI-kobu-3dpol-A1_threshold_0_quality_20,7182,T,C,,GAT,D,GAC,D,185653,734,55,112541,457,56,0.377373,298222,0,TRUE,191375,766,56,116940,489,56,0.379238,308355,0,TRUE,0.3783055,Y
AK02,kobu_A_F1,M7,2,M8,X,IFNAR_ko_cohoused,Consensus_M8-AK02-SI-kobu-3dpol-A1_threshold_0_quality_20,7182,T,C,,GAT,D,GAC,D,221100,1002,58,131932,643,58,0.373679,353062,0,TRUE,190383,887,58,113512,532,58,0.373486,303926,0,TRUE,0.3735825,Y
AK02,kobu_A_F1,M8,2,M8,X,petstore,Consensus_M8-AK02-SI-kobu-3dpol-A1_threshold_0_quality_20,7182,T,C,,GAT,D,GAC,D,226830,1080,57,137623,662,57,0.37757,364497,0,TRUE,179030,726,56,107980,466,56,0.376185,287040,0,TRUE,0.3768775,Y
AK02,kobu_A_F1,M5,2,M8,X,b6_cohoused,Consensus_M8-AK02-SI-kobu-3dpol-A1_threshold_0_quality_20,7188,G,A,,AAG,K,AAA,K,167854,1177,61,131946,732,60,0.440037,299852,0,TRUE,174741,1158,61,135091,810,61,0.435926,309894,0,TRUE,0.4379815,Y
AK02,kobu_A_F1,M7,2,M8,X,IFNAR_ko_cohoused,Consensus_M8-AK02-SI-kobu-3dpol-A1_threshold_0_quality_20,7188,G,A,,AAG,K,AAA,K,202820,1439,63,151620,1000,63,0.427715,354488,0,TRUE,174392,1359,63,131040,846,63,0.428943,305495,0,TRUE,0.428329,Y
AK02,kobu_A_F1,M8,2,M8,X,petstore,Consensus_M8-AK02-SI-kobu-3dpol-A1_threshold_0_quality_20,7188,G,A,,AAG,K,AAA,K,206977,1599,62,159332,1076,62,0.434883,366379,0,TRUE,162911,1179,61,125542,776,61,0.435148,288504,0,TRUE,0.4350155,Y
AK02,kobu_A_F1,M5,2,M8,X,b6_cohoused,Consensus_M8-AK02-SI-kobu-3dpol-A1_threshold_0_quality_20,7200,A,G,,GCA,A,GCG,A,240542,2263,67,60804,627,68,0.201746,301389,0,TRUE,246555,2344,67,64772,635,68,0.208023,311369,0,TRUE,0.2048845,N
AK02,kobu_A_F1,M8,2,M8,X,petstore,Consensus_M8-AK02-SI-kobu-3dpol-A1_threshold_0_quality_20,7200,A,G,,GCA,A,GCG,A,202501,2173,68,165766,1809,69,0.450083,368301,0,TRUE,175595,1857,67,114328,1033,68,0.394298,289953,0,TRUE,0.4221905,N
AK02,kobu_A_F1,M5,2,M8,X,b6_cohoused,Consensus_M8-AK02-SI-kobu-3dpol-A1_threshold_0_quality_20,7221,C,T,,TTC,F,TTT,F,226658,3054,69,75265,825,66,0.249266,301947,0,TRUE,234326,3059,70,77603,797,67,0.248757,311963,0,TRUE,0.2490115,N
AK02,kobu_A_F1,M8,2,M8,X,petstore,Consensus_M8-AK02-SI-kobu-3dpol-A1_threshold_0_quality_20,7221,C,T,,TTC,F,TTT,F,264356,3724,70,104376,1220,67,0.283027,368785,0,TRUE,208333,2748,69,82133,950,67,0.282735,290495,0,TRUE,0.282881,N
AK02,kobu_A_F1,M5,2,M8,X,b6_cohoused,Consensus_M8-AK02-SI-kobu-3dpol-A1_threshold_0_quality_20,7236,G,A,,AAG,K,AAA,K,279781,4445,71,22483,2984,60,0.0742888,302643,0,TRUE,288867,4474,72,23447,2926,61,0.0749918,312661,0,TRUE,0.0746403,N
AK02,kobu_A_F1,M7,2,M8,X,IFNAR_ko_cohoused,Consensus_M8-AK02-SI-kobu-3dpol-A1_threshold_0_quality_20,7236,G,A,,AAG,K,AAA,K,128391,1937,72,222809,29320,61,0.629301,354058,0,TRUE,77811,1237,72,223976,29499,61,0.735184,304653,0,TRUE,0.6822425,N
AK02,kobu_A_F1,M8,2,M8,X,petstore,Consensus_M8-AK02-SI-kobu-3dpol-A1_threshold_0_quality_20,7236,G,A,,AAG,K,AAA,K,300197,4923,72,67919,8994,61,0.184052,369020,0,TRUE,249718,3902,71,40524,5442,61,0.139346,290816,0,TRUE,0.161699,N
AK02,kobu_A_F1,M5,2,M8,X,b6_cohoused,Consensus_M8-AK02-SI-kobu-3dpol-A1_threshold_0_quality_20,7248,C,T,,CGC,R,CGT,R,225421,3849,72,78204,1264,69,0.25754,303658,0,TRUE,233197,3914,72,80428,1261,69,0.256425,313651,0,TRUE,0.2569825,N
AK02,kobu_A_F1,M8,2,M8,X,petstore,Consensus_M8-AK02-SI-kobu-3dpol-A1_threshold_0_quality_20,7248,C,T,,CGC,R,CGT,R,265918,4529,73,104717,1754,69,0.282507,370670,0,TRUE,207109,3405,72,84755,1405,70,0.290359,291897,0,TRUE,0.286433,N
AK02,kobu_A_F1,M5,2,M8,X,b6_cohoused,Consensus_M8-AK02-SI-kobu-3dpol-A1_threshold_0_quality_20,7257,C,T,,GGC,G,GGT,G,261089,4925,73,43624,834,72,0.143146,304752,0,TRUE,269957,4934,73,44756,856,72,0.142202,314736,0,TRUE,0.142674,N
AK02,kobu_A_F1,M7,2,M8,X,IFNAR_ko_cohoused,Consensus_M8-AK02-SI-kobu-3dpol-A1_threshold_0_quality_20,7257,C,T,,GGC,G,GGT,G,228774,3954,73,130366,2232,73,0.362934,359200,0,TRUE,229838,4171,73,79943,1416,73,0.258039,309810,0,TRUE,0.3104865,N
AK02,kobu_A_F1,M8,2,M8,X,petstore,Consensus_M8-AK02-SI-kobu-3dpol-A1_threshold_0_quality_20,7257,C,T,,GGC,G,GGT,G,261206,4769,73,110497,2142,72,0.297229,371757,0,TRUE,169178,3049,73,123553,2318,72,0.42202,292766,0,TRUE,0.3596245,N
AK02,kobu_A_F1,M5,2,M8,X,b6_cohoused,Consensus_M8-AK02-SI-kobu-3dpol-A1_threshold_0_quality_20,7266,A,T,,CGA,R,CGT,R,225356,4262,72,78981,1392,70,0.259408,304466,0,TRUE,233173,4309,72,80993,1470,70,0.257642,314362,0,TRUE,0.258525,N
AK02,kobu_A_F1,M8,2,M8,X,petstore,Consensus_M8-AK02-SI-kobu-3dpol-A1_threshold_0_quality_20,7266,A,T,,CGA,R,CGT,R,265342,4881,72,105890,1882,70,0.285114,371395,0,TRUE,207358,3750,72,85169,1496,70,0.29102,292657,0,TRUE,0.288067,N
AK02,kobu_A_F1,M8,2,M8,X,petstore,Consensus_M8-AK02-SI-kobu-3dpol-A1_threshold_0_quality_20,7275,A,G,,AAA,K,AAG,K,356091,7027,72,15534,336,71,0.0417936,371684,0,TRUE,271295,5360,72,21512,408,72,0.0734541,292863,0,TRUE,0.05762385,N
AK02,kobu_A_F1,M5,2,M8,X,b6_cohoused,Consensus_M8-AK02-SI-kobu-3dpol-A1_threshold_0_quality_20,7299,T,C,,TCT,S,TCC,S,118908,3054,72,187036,4539,73,0.611207,306011,0,TRUE,125367,3114,72,190704,4594,73,0.603265,316120,0,TRUE,0.607236,N
AK02,kobu_A_F1,M8,2,M8,X,petstore,Consensus_M8-AK02-SI-kobu-3dpol-A1_threshold_0_quality_20,7299,T,C,,TCT,S,TCC,S,228789,5650,72,143675,3251,73,0.385668,372535,0,TRUE,166940,4288,72,126713,2873,73,0.431403,293723,0,TRUE,0.4085355,N
AK02,kobu_A_F1,M5,2,M8,X,b6_cohoused,Consensus_M8-AK02-SI-kobu-3dpol-A1_threshold_0_quality_20,7302,C,T,,CAC,H,CAT,H,244497,5990,73,61503,1334,68,0.200958,306049,0,TRUE,252933,6061,73,63178,1389,68,0.199836,316149,0,TRUE,0.200397,N
AK02,kobu_A_F1,M7,2,M8,X,IFNAR_ko_cohoused,Consensus_M8-AK02-SI-kobu-3dpol-A1_threshold_0_quality_20,7302,C,T,,CAC,H,CAT,H,133142,2779,73,226242,4593,70,0.629431,359439,0,TRUE,83778,1895,73,226204,4773,69,0.72957,310051,0,TRUE,0.6795005,N
AK02,kobu_A_F1,M8,2,M8,X,petstore,Consensus_M8-AK02-SI-kobu-3dpol-A1_threshold_0_quality_20,7302,C,T,,CAC,H,CAT,H,222436,5022,73,149781,3162,69,0.402326,372288,0,TRUE,174542,4059,73,118810,2553,69,0.404937,293404,0,TRUE,0.4036315,N
AK02,kobu_A_F1,M8,2,M8,X,petstore,Consensus_M8-AK02-SI-kobu-3dpol-A1_threshold_0_quality_20,7341,C,T,,GGC,G,GGT,G,358572,10638,73,14144,390,72,0.0379297,372900,0,TRUE,279868,8857,73,14156,378,72,0.048121,294175,0,TRUE,0.04302535,N
AK02,kobu_A_F1,M5,2,M8,X,b6_cohoused,Consensus_M8-AK02-SI-kobu-3dpol-A1_threshold_0_quality_20,7359,T,C,,GTT,V,GTC,V,125901,4488,72,179072,6379,72,0.587117,305002,0,TRUE,132273,4228,73,182727,5966,72,0.580008,315042,0,TRUE,0.5835625,N
AK02,kobu_A_F1,M8,2,M8,X,petstore,Consensus_M8-AK02-SI-kobu-3dpol-A1_threshold_0_quality_20,7359,T,C,,GTT,V,GTC,V,240520,8283,72,131080,4500,72,0.352709,371638,0,TRUE,177331,6458,72,115774,4272,72,0.394963,293126,0,TRUE,0.373836,N
AK02,kobu_A_F1,M5,2,M8,X,b6_cohoused,Consensus_M8-AK02-SI-kobu-3dpol-A1_threshold_0_quality_20,7365,T,C,,ACT,T,ACC,T,293844,10757,72,10349,384,71,0.0340175,304226,0,TRUE,303400,9975,73,11014,341,72,0.0350258,314454,0,TRUE,0.03452165,N
AK02,kobu_A_F1,M8,2,M8,X,petstore,Consensus_M8-AK02-SI-kobu-3dpol-A1_threshold_0_quality_20,7365,T,C,,ACT,T,ACC,T,354467,12197,73,16371,608,72,0.0441418,370873,0,TRUE,276212,10456,72,16084,570,72,0.0550198,292331,0,TRUE,0.0495808,N
AK02,kobu_A_F1,M5,2,M8,X,b6_cohoused,Consensus_M8-AK02-SI-kobu-3dpol-A1_threshold_0_quality_20,7371,C,T,,ATC,I,ATT,I,293485,11094,73,11321,518,71,0.0371392,304826,0,TRUE,302558,10283,73,12192,436,72,0.0387322,314777,0,TRUE,0.0379357,N
AK02,kobu_A_F1,M8,2,M8,X,petstore,Consensus_M8-AK02-SI-kobu-3dpol-A1_threshold_0_quality_20,7371,C,T,,ATC,I,ATT,I,352557,12610,73,18895,791,71,0.0508621,371495,0,TRUE,274361,10659,73,18464,781,71,0.0630485,292854,0,TRUE,0.0569553,N
AK02,kobu_A_F1,M5,2,M8,X,b6_cohoused,Consensus_M8-AK02-SI-kobu-3dpol-A1_threshold_0_quality_20,7386,C,T,,ATC,I,ATT,I,162323,7757,72,140512,6878,72,0.463881,302905,0,TRUE,164489,6381,73,147598,6143,72,0.472777,312194,0,TRUE,0.468329,Y
AK02,kobu_A_F1,M7,2,M8,X,IFNAR_ko_cohoused,Consensus_M8-AK02-SI-kobu-3dpol-A1_threshold_0_quality_20,7386,C,T,,ATC,I,ATT,I,194871,7723,73,162071,7001,72,0.453977,357003,0,TRUE,171141,6318,73,136621,5410,72,0.443802,307842,0,TRUE,0.4488895,Y
AK02,kobu_A_F1,M8,2,M8,X,petstore,Consensus_M8-AK02-SI-kobu-3dpol-A1_threshold_0_quality_20,7386,C,T,,ATC,I,ATT,I,200064,9472,73,169259,8604,72,0.458175,369420,0,TRUE,158369,8005,72,132850,7300,71,0.456054,291303,0,TRUE,0.4571145,Y
AK02,kobu_A_F1,M5,2,M8,X,b6_cohoused,Consensus_M8-AK02-SI-kobu-3dpol-A1_threshold_0_quality_20,7395,C,T,,ATC,I,ATT,I,198,56,35,94,50,35,0.321918,292,7.68E-33,TRUE,169,67,36,116,59,35,0.407018,285,5.44E-42,TRUE,0.364468,Y
AK02,kobu_A_F1,M7,2,M8,X,IFNAR_ko_cohoused,Consensus_M8-AK02-SI-kobu-3dpol-A1_threshold_0_quality_20,7395,C,T,,ATC,I,ATT,I,159,59,36,80,41,35,0.334728,239,3.39E-28,TRUE,182,66,36,94,48,35,0.34058,276,4.12E-33,TRUE,0.337654,Y
AK02,kobu_A_F1,M8,2,M8,X,petstore,Consensus_M8-AK02-SI-kobu-3dpol-A1_threshold_0_quality_20,7395,C,T,,ATC,I,ATT,I,275,87,36,89,45,35,0.244505,364,3.95E-30,TRUE,210,62,35,62,32,35,0.227941,272,4.81E-21,TRUE,0.236223,Y
AK02,kobu_A_F1,M8,2,M8,X,petstore,Consensus_M8-AK02-SI-kobu-3dpol-A1_threshold_0_quality_20,7397,G,T,,,,,,68,11,36,9,0,25,0.116883,77,0.0010712,TRUE,54,5,36,6,0,26,0.1,60,0.0117814,FALSE,0.1084415,Y
AK02,kobu_A_F1,M5,2,M8,X,b6_cohoused,Consensus_M8-AK02-SI-kobu-3dpol-A1_threshold_0_quality_20,7398,N,T,,,,,,0,0,0,9,1,36,1,9,4.11E-05,TRUE,0,0,0,6,1,37,1,6,0.0021645,TRUE,1,Y
AK02,kobu_A_F1,M7,2,M8,X,IFNAR_ko_cohoused,Consensus_M8-AK02-SI-kobu-3dpol-A1_threshold_0_quality_20,7398,N,T,,,,,,0,0,0,5,0,37,1,5,0.00793651,TRUE,0,0,0,5,0,35,0.714286,7,0.0021645,TRUE,0.857143,Y
AK02,kobu_A_F1,M8,2,M8,X,petstore,Consensus_M8-AK02-SI-kobu-3dpol-A1_threshold_0_quality_20,7398,N,T,,,,,,0,0,0,6,0,35,1,6,0.0021645,TRUE,0,0,0,11,0,34,1,11,2.84E-06,TRUE,1,Y
AK02,kobu_A_F1,M5,2,M8,X,b6_cohoused,Consensus_M8-AK02-SI-kobu-3dpol-A1_threshold_0_quality_20,7399,N,C,,,,,,0,0,0,1,0,34,1,1,1,FALSE,0,0,0,4,1,36,1,4,0.0285714,FALSE,1,Y
AK02,kobu_A_F1,M7,2,M8,X,IFNAR_ko_cohoused,Consensus_M8-AK02-SI-kobu-3dpol-A1_threshold_0_quality_20,7399,N,C,,,,,,0,0,0,3,0,32,1,3,0.1,FALSE,0,0,0,2,0,32,1,2,0.333333,FALSE,1,Y
AK02,kobu_A_F1,M8,2,M8,X,petstore,Consensus_M8-AK02-SI-kobu-3dpol-A1_threshold_0_quality_20,7399,N,C,,,,,,0,0,0,5,0,35,1,5,0.00793651,TRUE,0,0,0,6,0,30,1,6,0.0021645,TRUE,1,Y
AK02,kobu_C_F1,M5,2,M8,X,b6_cohoused,Consensus_M5-AK02-SI-kobu-VP_threshold_0_quality_20,3654,T,C,,GGT,G,GGC,G,187861,5,37,55186,0,37,0.227028,243080,0,TRUE,294036,7,37,106435,1,36,0.265736,400529,0,TRUE,0.246382,N
AK02,kobu_C_F1,M7,2,M8,X,IFNAR_ko_cohoused,Consensus_M5-AK02-SI-kobu-VP_threshold_0_quality_20,3654,T,C,,GGT,G,GGC,G,5323,0,34,347510,8,37,0.984799,352874,0,TRUE,7688,0,36,267294,9,37,0.971893,275024,0,TRUE,0.978346,N
AK02,kobu_C_F1,M8,2,M8,X,petstore_A,Consensus_M5-AK02-SI-kobu-VP_threshold_0_quality_20,3654,T,C,,GGT,G,GGC,G,223347,5,37,165548,3,37,0.423163,391216,0,TRUE,166525,3,37,104305,2,37,0.384063,271583,0,TRUE,0.403613,N
AK02,kobu_C_F1,M5,2,M8,X,b6_cohoused,Consensus_M5-AK02-SI-kobu-VP_threshold_0_quality_20,3669,T,C,,GAT,D,GAC,D,169746,3,37,73492,1,37,0.302098,243272,0,TRUE,299413,8,37,101807,1,36,0.253715,401265,0,TRUE,0.2779065,N
AK02,kobu_C_F1,M8,2,M8,X,petstore_A,Consensus_M5-AK02-SI-kobu-VP_threshold_0_quality_20,3669,T,C,,GAT,D,GAC,D,261809,7,37,129788,2,37,0.3314,391635,0,TRUE,174222,5,37,97262,0,37,0.358226,271510,0,TRUE,0.344813,N
AK02,kobu_C_F1,M5,2,M8,X,b6_cohoused,Consensus_M5-AK02-SI-kobu-VP_threshold_0_quality_20,3672,C,T,,GAC,D,GAT,D,222903,3,37,21230,1,37,0.0869483,244168,0,TRUE,360549,10,37,42103,0,37,0.104548,402713,0,TRUE,0.09574815,N
AK02,kobu_C_F1,M5,2,M8,X,b6_cohoused,Consensus_M5-AK02-SI-kobu-VP_threshold_0_quality_20,3675,T,C,,AGT,S,AGC,S,230946,4,37,12688,0,36,0.052058,243728,0,TRUE,371494,10,37,30294,0,36,0.0753863,401850,0,TRUE,0.06372215,N
AK02,kobu_C_F1,M7,2,M8,X,IFNAR_ko_cohoused,Consensus_M5-AK02-SI-kobu-VP_threshold_0_quality_20,3675,T,C,,AGT,S,AGC,S,260143,6,36,92473,3,36,0.262203,352677,0,TRUE,200286,10,36,74497,1,36,0.271068,274828,0,TRUE,0.2666355,N
AK02,kobu_C_F1,M8,2,M8,X,petstore_A,Consensus_M5-AK02-SI-kobu-VP_threshold_0_quality_20,3675,T,C,,AGT,S,AGC,S,317247,8,37,74658,1,36,0.190476,391954,0,TRUE,223411,4,37,48279,1,37,0.177658,271752,0,TRUE,0.184067,N
AK02,kobu_C_F1,M8,2,M8,X,petstore_A,Consensus_M5-AK02-SI-kobu-VP_threshold_0_quality_20,3690,G,A,,AAG,K,AAA,K,359283,9,36,30503,0,36,0.0782439,389845,0,TRUE,247594,4,37,23257,1,37,0.0858575,270879,0,TRUE,0.0820507,N
AK02,kobu_C_F1,M8,2,M8,X,petstore_A,Consensus_M5-AK02-SI-kobu-VP_threshold_0_quality_20,3691,T,C,,TCC,S,CCC,P,357410,8,37,34685,0,37,0.0884512,392137,0,TRUE,247787,3,37,24101,1,37,0.0886294,271930,0,TRUE,0.0885403,N
AK02,kobu_C_F1,M8,2,M8,X,petstore_A,Consensus_M5-AK02-SI-kobu-VP_threshold_0_quality_20,3692,C,T,,TCC,S,TTC,F,355518,8,37,34435,0,36,0.0882965,389993,0,TRUE,246865,4,37,23865,1,37,0.0881401,270762,0,TRUE,0.0882183,N
AK02,kobu_C_F1,M5,2,M8,X,b6_cohoused,Consensus_M5-AK02-SI-kobu-VP_threshold_0_quality_20,3705,C,T,,ACC,T,ACT,T,152776,1,37,87838,2,36,0.364882,240730,0,TRUE,263716,8,37,132910,0,36,0.334901,396863,0,TRUE,0.3498915,N
AK02,kobu_C_F1,M8,2,M8,X,petstore_A,Consensus_M5-AK02-SI-kobu-VP_threshold_0_quality_20,3705,C,T,,ACC,T,ACT,T,217704,3,37,169335,5,36,0.437334,387198,0,TRUE,142933,3,37,126901,2,36,0.470169,269905,0,TRUE,0.4537515,N
AK02,kobu_C_F1,M5,2,M8,X,b6_cohoused,Consensus_M5-AK02-SI-kobu-VP_threshold_0_quality_20,3711,A,T,,ACA,T,ACT,T,235573,4,37,8214,0,36,0.0336806,243879,0,TRUE,384124,7,37,17981,0,36,0.0446982,402276,0,TRUE,0.0391894,N
AK02,kobu_C_F1,M7,2,M8,X,IFNAR_ko_cohoused,Consensus_M5-AK02-SI-kobu-VP_threshold_0_quality_20,3711,A,T,,ACA,T,ACT,T,261650,6,37,90504,2,36,0.256872,352331,0,TRUE,201000,3,37,72558,0,36,0.264329,274499,0,TRUE,0.2606005,N
AK02,kobu_C_F1,M8,2,M8,X,petstore_A,Consensus_M5-AK02-SI-kobu-VP_threshold_0_quality_20,3711,A,T,,ACA,T,ACT,T,347596,8,37,44345,0,36,0.113074,392176,0,TRUE,246938,4,37,25261,0,36,0.0927653,272311,0,TRUE,0.10291965,N
AK02,kobu_C_F1,M5,2,M8,X,b6_cohoused,Consensus_M5-AK02-SI-kobu-VP_threshold_0_quality_20,3729,A,G,,AAA,K,AAG,K,138033,10,36,100876,35,36,0.42192,239088,0,TRUE,239898,4,36,152403,2,35,0.388116,392674,0,TRUE,0.405018,N
AK02,kobu_C_F1,M8,2,M8,X,petstore_A,Consensus_M5-AK02-SI-kobu-VP_threshold_0_quality_20,3729,A,G,,AAA,K,AAG,K,251441,3,36,132584,4,35,0.344932,384377,0,TRUE,163995,3,37,104780,1,36,0.389628,268923,0,TRUE,0.36728,N
AK02,kobu_C_F1,M5,2,M8,X,b6_cohoused,Consensus_M5-AK02-SI-kobu-VP_threshold_0_quality_20,3735,T,C,,ACT,T,ACC,T,233705,43,37,7727,1,36,0.031998,241484,0,TRUE,379436,6,37,17580,0,35,0.0442712,397098,0,TRUE,0.0381346,N
AK02,kobu_C_F1,M7,2,M8,X,IFNAR_ko_cohoused,Consensus_M5-AK02-SI-kobu-VP_threshold_0_quality_20,3735,T,C,,ACT,T,ACC,T,258209,3,37,86789,3,36,0.251457,345145,0,TRUE,198431,4,37,69914,1,36,0.260411,268476,0,TRUE,0.255934,N
AK02,kobu_C_F1,M8,2,M8,X,petstore_A,Consensus_M5-AK02-SI-kobu-VP_threshold_0_quality_20,3735,T,C,,ACT,T,ACC,T,343920,8,37,42207,0,35,0.109268,386269,0,TRUE,243808,5,37,26006,0,36,0.0963624,269877,0,TRUE,0.1028152,N
AK02,kobu_C_F1,M5,2,M8,X,b6_cohoused,Consensus_M5-AK02-SI-kobu-VP_threshold_0_quality_20,3738,C,T,,CCC,P,CCT,P,233263,93,37,8052,1,37,0.0333087,241739,0,TRUE,375686,6,37,21405,0,37,0.0538687,397355,0,TRUE,0.0435887,N
AK02,kobu_C_F1,M8,2,M8,X,petstore_A,Consensus_M5-AK02-SI-kobu-VP_threshold_0_quality_20,3738,C,T,,CCC,P,CCT,P,345226,6,37,43017,1,37,0.110711,388551,0,TRUE,244016,5,37,26920,0,37,0.0992955,271110,0,TRUE,0.10500325,N
AK02,kobu_C_F1,M5,2,M8,X,b6_cohoused,Consensus_M5-AK02-SI-kobu-VP_threshold_0_quality_20,3741,C,T,,GAC,D,GAT,D,130142,31,37,109113,77,36,0.455979,239294,0,TRUE,223042,4,37,169913,2,36,0.43235,392999,0,TRUE,0.4441645,N
AK02,kobu_C_F1,M8,2,M8,X,petstore_A,Consensus_M5-AK02-SI-kobu-VP_threshold_0_quality_20,3741,C,T,,GAC,D,GAT,D,250092,3,37,135493,3,36,0.351353,385632,0,TRUE,161106,3,37,107998,2,36,0.401278,269135,0,TRUE,0.3763155,N
AK02,kobu_C_F1,M5,2,M8,X,b6_cohoused,Consensus_M5-AK02-SI-kobu-VP_threshold_0_quality_20,3759,T,C,,ATT,I,ATC,I,152657,147,36,85252,31,36,0.358256,237964,0,TRUE,253649,3,36,135384,1,36,0.347898,389149,0,TRUE,0.353077,N
AK02,kobu_C_F1,M8,2,M8,X,petstore_A,Consensus_M5-AK02-SI-kobu-VP_threshold_0_quality_20,3759,T,C,,ATT,I,ATC,I,291128,4,36,90497,1,36,0.237079,381716,0,TRUE,206053,3,36,61861,0,37,0.230863,267955,0,TRUE,0.233971,N
AK02,kobu_C_F1,M5,2,M8,X,b6_cohoused,Consensus_M5-AK02-SI-kobu-VP_threshold_0_quality_20,3765,C,T,,CTC,L,CTT,L,223243,315,37,17629,6,37,0.0730745,241247,0,TRUE,363983,4,37,31690,1,37,0.0800819,395720,0,TRUE,0.0765782,N
AK02,kobu_C_F1,M8,2,M8,X,petstore_A,Consensus_M5-AK02-SI-kobu-VP_threshold_0_quality_20,3765,C,T,,CTC,L,CTT,L,369437,4,37,18124,0,37,0.0467571,387620,0,TRUE,256251,2,37,14463,1,37,0.0534155,270764,0,TRUE,0.0500863,N
AK02,kobu_C_F1,M5,2,M8,X,b6_cohoused,Consensus_M5-AK02-SI-kobu-VP_threshold_0_quality_20,3774,C,T,,GAC,D,GAT,D,229966,431,37,7946,3,35,0.0333926,237957,0,TRUE,371383,4,36,17726,0,35,0.0455527,389132,0,TRUE,0.03947265,N
AK02,kobu_C_F1,M7,2,M8,X,IFNAR_ko_cohoused,Consensus_M5-AK02-SI-kobu-VP_threshold_0_quality_20,3774,C,T,,GAC,D,GAT,D,254207,0,36,85002,4,35,0.25055,339262,0,TRUE,194934,5,36,68973,1,35,0.261306,263955,0,TRUE,0.255928,N
AK02,kobu_C_F1,M8,2,M8,X,petstore_A,Consensus_M5-AK02-SI-kobu-VP_threshold_0_quality_20,3774,C,T,,GAC,D,GAT,D,335882,4,36,43523,0,35,0.114699,379455,0,TRUE,241614,2,37,25662,0,35,0.0960031,267304,0,TRUE,0.10535105,N
AK02,kobu_C_F1,M5,2,M8,X,b6_cohoused,Consensus_M5-AK02-SI-kobu-VP_threshold_0_quality_20,3777,A,G,,GGA,G,GGG,G,224615,397,36,7539,2,35,0.0324458,232357,0,TRUE,358232,4,35,20214,0,35,0.0533651,378787,0,TRUE,0.04290545,N
AK02,kobu_C_F1,M8,2,M8,X,petstore_A,Consensus_M5-AK02-SI-kobu-VP_threshold_0_quality_20,3777,A,G,,GGA,G,GGG,G,331672,3,35,38173,0,35,0.103101,370250,0,TRUE,236606,2,36,25941,0,35,0.0987405,262719,0,TRUE,0.10092075,N
AK02,kobu_C_F1,M8,2,M8,X,petstore_A,Consensus_M5-AK02-SI-kobu-VP_threshold_0_quality_20,3798,T,C,,TAT,Y,TAC,Y,353584,2,37,22870,0,35,0.0607442,376497,0,TRUE,249479,2,37,16988,0,35,0.0637453,266498,0,TRUE,0.06224475,N
AK02,kobu_C_F1,M5,2,M8,X,b6_cohoused,Consensus_M5-AK02-SI-kobu-VP_threshold_0_quality_20,3802,G,C,,GCC,A,CCC,P,212326,1,36,15915,0,36,0.0696383,228538,0,TRUE,335017,4,36,39303,0,36,0.104984,374373,0,TRUE,0.08731115,N
AK02,kobu_C_F1,M7,2,M8,X,IFNAR_ko_cohoused,Consensus_M5-AK02-SI-kobu-VP_threshold_0_quality_20,3802,G,C,,GCC,A,CCC,P,244772,3,36,87770,2,36,0.263891,332600,0,TRUE,186691,4,36,71155,1,36,0.275909,257893,0,TRUE,0.2699,N
AK02,kobu_C_F1,M8,2,M8,X,petstore_A,Consensus_M5-AK02-SI-kobu-VP_threshold_0_quality_20,3802,G,C,,GCC,A,CCC,P,281012,2,36,85577,0,36,0.233404,366648,0,TRUE,208689,2,36,53435,1,36,0.203831,262154,0,TRUE,0.2186175,N
AK02,kobu_C_F1,M5,2,M8,X,b6_cohoused,Consensus_M5-AK02-SI-kobu-VP_threshold_0_quality_20,3822,C,T,,TAC,Y,TAT,Y,220282,139,38,8574,3,36,0.0374608,228879,0,TRUE,355565,433,38,18488,11,35,0.0494215,374088,0,TRUE,0.04344115,N
AK02,kobu_C_F1,M7,2,M8,X,IFNAR_ko_cohoused,Consensus_M5-AK02-SI-kobu-VP_threshold_0_quality_20,3822,C,T,,TAC,Y,TAT,Y,246942,158,37,80498,24,35,0.245703,327623,0,TRUE,189779,127,37,63991,14,35,0.252143,253789,0,TRUE,0.248923,N
AK02,kobu_C_F1,M8,2,M8,X,petstore_A,Consensus_M5-AK02-SI-kobu-VP_threshold_0_quality_20,3822,C,T,,TAC,Y,TAT,Y,320815,522,38,44445,19,36,0.12167,365292,0,TRUE,236680,46,38,24688,4,36,0.0944478,261393,0,TRUE,0.1080589,N
AK02,kobu_C_F1,M5,2,M8,X,b6_cohoused,Consensus_M5-AK02-SI-kobu-VP_threshold_0_quality_20,3840,C,T,,TCC,S,TCT,S,218881,901,41,8015,16,37,0.0353174,226942,0,TRUE,351208,2579,40,19194,70,37,0.0518118,370456,0,TRUE,0.0435646,N
AK02,kobu_C_F1,M7,2,M8,X,IFNAR_ko_cohoused,Consensus_M5-AK02-SI-kobu-VP_threshold_0_quality_20,3840,C,T,,TCC,S,TCT,S,244366,1196,40,81503,155,37,0.250064,325929,0,TRUE,187012,1034,39,64889,121,37,0.257554,251943,0,TRUE,0.253809,N
AK02,kobu_C_F1,M8,2,M8,X,petstore_A,Consensus_M5-AK02-SI-kobu-VP_threshold_0_quality_20,3840,C,T,,TCC,S,TCT,S,317069,2763,41,46076,155,37,0.126858,363208,0,TRUE,234148,386,40,25419,7,37,0.0979081,259621,0,TRUE,0.11238305,N
AK02,kobu_C_F1,M5,2,M8,X,b6_cohoused,Consensus_M5-AK02-SI-kobu-VP_threshold_0_quality_20,3859,T,C,,TTG,L,CTG,L,207058,2270,44,7082,35,38,0.0330499,214282,0,TRUE,329604,5958,42,15796,137,37,0.0456945,345687,0,TRUE,0.0393722,N
AK02,kobu_C_F1,M7,2,M8,X,IFNAR_ko_cohoused,Consensus_M5-AK02-SI-kobu-VP_threshold_0_quality_20,3859,T,C,,TTG,L,CTG,L,231362,3138,43,72678,420,37,0.23889,304232,0,TRUE,174712,2593,41,58409,370,36,0.250385,233277,0,TRUE,0.2446375,N
AK02,kobu_C_F1,M8,2,M8,X,petstore_A,Consensus_M5-AK02-SI-kobu-VP_threshold_0_quality_20,3859,T,C,,TTG,L,CTG,L,301249,6451,44,39324,399,37,0.115364,340870,0,TRUE,223765,982,42,23191,31,36,0.0938686,247058,0,TRUE,0.1046163,N
AK02,kobu_C_F1,M5,2,M8,X,b6_cohoused,Consensus_M5-AK02-SI-kobu-VP_threshold_0_quality_20,3864,C,T,,CGC,R,CGT,R,205089,3104,45,6477,43,39,0.0305914,211726,0,TRUE,325696,7973,43,14909,176,39,0.0437698,340623,0,TRUE,0.0371806,N
AK02,kobu_C_F1,M7,2,M8,X,IFNAR_ko_cohoused,Consensus_M5-AK02-SI-kobu-VP_threshold_0_quality_20,3864,C,T,,CGC,R,CGT,R,228011,4255,43,69872,612,38,0.234541,297910,0,TRUE,172389,3581,42,55981,530,37,0.245105,228396,0,TRUE,0.239823,N
AK02,kobu_C_F1,M8,2,M8,X,petstore_A,Consensus_M5-AK02-SI-kobu-VP_threshold_0_quality_20,3864,C,T,,CGC,R,CGT,R,298934,8707,45,37591,536,39,0.111696,336546,0,TRUE,222220,1354,43,22252,65,38,0.0910143,244489,0,TRUE,0.10135515,N
AK02,kobu_C_F1,M5,2,M8,X,b6_cohoused,Consensus_M5-AK02-SI-kobu-VP_threshold_0_quality_20,3867,T,C,,CTT,L,CTC,L,138620,3075,48,67647,1318,45,0.327846,206338,0,TRUE,220033,7961,46,111730,3370,43,0.336641,331897,0,TRUE,0.3322435,N
AK02,kobu_C_F1,M7,2,M8,X,IFNAR_ko_cohoused,Consensus_M5-AK02-SI-kobu-VP_threshold_0_quality_20,3867,T,C,,CTT,L,CTC,L,225248,5775,46,71192,1320,42,0.240036,296589,0,TRUE,170408,4945,44,56815,1199,41,0.249871,227377,0,TRUE,0.2449535,N
AK02,kobu_C_F1,M8,2,M8,X,petstore_A,Consensus_M5-AK02-SI-kobu-VP_threshold_0_quality_20,3867,T,C,,CTT,L,CTC,L,258955,10287,47,74230,2297,44,0.222668,333367,0,TRUE,194555,1788,45,46417,306,42,0.192524,241097,0,TRUE,0.207596,N
AK02,kobu_C_F1,M5,2,M8,X,b6_cohoused,Consensus_M5-AK02-SI-kobu-VP_threshold_0_quality_20,3876,A,G,,GAA,E,GAG,E,170915,6501,51,28702,831,51,0.1436,199874,0,TRUE,268515,15467,49,51708,2508,49,0.161274,320623,0,TRUE,0.152437,N
AK02,kobu_C_F1,M7,2,M8,X,IFNAR_ko_cohoused,Consensus_M5-AK02-SI-kobu-VP_threshold_0_quality_20,3876,A,G,,GAA,E,GAG,E,75308,2849,47,212843,8395,50,0.738349,288269,0,TRUE,61424,2592,46,158643,7180,48,0.720561,220166,0,TRUE,0.729455,N
AK02,kobu_C_F1,M8,2,M8,X,petstore_A,Consensus_M5-AK02-SI-kobu-VP_threshold_0_quality_20,3876,A,G,,GAA,E,GAG,E,240027,14935,50,81269,4435,51,0.252693,321612,0,TRUE,171028,2503,48,62355,786,48,0.266941,233591,0,TRUE,0.259817,N
AK02,kobu_C_F1,M5,2,M8,X,b6_cohoused,Consensus_M5-AK02-SI-kobu-VP_threshold_0_quality_20,3882,A,G,,GAA,E,GAG,E,174383,17149,52,37762,3833,49,0.175977,214585,0,TRUE,266356,31446,50,71262,8599,48,0.207277,343801,0,TRUE,0.191627,N
AK02,kobu_C_F1,M7,2,M8,X,IFNAR_ko_cohoused,Consensus_M5-AK02-SI-kobu-VP_threshold_0_quality_20,3882,A,G,,GAA,E,GAG,E,4648,807,43,301504,33475,48,0.984718,306183,0,TRUE,5289,785,44,229003,26597,47,0.977263,234331,0,TRUE,0.9809905,N
AK02,kobu_C_F1,M8,2,M8,X,petstore_A,Consensus_M5-AK02-SI-kobu-VP_threshold_0_quality_20,3882,A,G,,GAA,E,GAG,E,216789,26302,51,128313,16334,48,0.371721,345186,0,TRUE,158791,10802,49,89760,6740,46,0.361023,248627,0,TRUE,0.366372,N
AK02,kobu_C_F1,M5,2,M8,X,b6_cohoused,Consensus_M5-AK02-SI-kobu-VP_threshold_0_quality_20,3900,T,C,,AAT,N,AAC,N,214049,45279,46,7592,1849,44,0.0341627,222231,0,TRUE,338324,83298,44,17158,4592,43,0.0481332,356469,0,TRUE,0.04114795,N
AK02,kobu_C_F1,M7,2,M8,X,IFNAR_ko_cohoused,Consensus_M5-AK02-SI-kobu-VP_threshold_0_quality_20,3900,T,C,,AAT,N,AAC,N,235371,54132,44,80146,20067,43,0.253492,316168,0,TRUE,176777,42453,43,63503,16457,42,0.26371,240806,0,TRUE,0.258601,N
AK02,kobu_C_F1,M8,2,M8,X,petstore_A,Consensus_M5-AK02-SI-kobu-VP_threshold_0_quality_20,3900,T,C,,AAT,N,AAC,N,312021,75307,45,43481,11486,44,0.122013,356365,0,TRUE,234512,41313,45,25175,5059,42,0.0967321,260255,0,TRUE,0.10937255,N
AK02,kobu_C_F1,M5,2,M8,X,b6_cohoused,Consensus_M5-AK02-SI-kobu-VP_threshold_0_quality_20,3909,C,T,,CAC,H,CAT,H,215621,58181,47,18664,4322,46,0.0796484,234330,0,TRUE,338498,103807,45,35471,9283,44,0.0948316,374042,0,TRUE,0.08724,N
AK02,kobu_C_F1,M5,2,M8,X,b6_cohoused,Consensus_M5-AK02-SI-kobu-VP_threshold_0_quality_20,3921,T,C,,GGT,G,GGC,G,201082,81995,46,41301,15975,44,0.170133,242757,0,TRUE,311808,142818,44,78724,34685,42,0.201236,391202,0,TRUE,0.1856845,N
AK02,kobu_C_F1,M7,2,M8,X,IFNAR_ko_cohoused,Consensus_M5-AK02-SI-kobu-VP_threshold_0_quality_20,3921,T,C,,GGT,G,GGC,G,4911,2120,40,333964,138772,42,0.984779,339126,0,TRUE,5708,2580,40,255694,110958,41,0.977509,261577,0,TRUE,0.981144,N
AK02,kobu_C_F1,M8,2,M8,X,petstore_A,Consensus_M5-AK02-SI-kobu-VP_threshold_0_quality_20,3921,T,C,,GGT,G,GGC,G,244907,107902,45,141039,60270,43,0.364972,386438,0,TRUE,181272,62007,45,99993,32922,42,0.355008,281664,0,TRUE,0.35999,N
AK02,kobu_C_F1,M5,2,M8,X,b6_cohoused,Consensus_M5-AK02-SI-kobu-VP_threshold_0_quality_20,3924,G,A,,GCG,A,GCA,A,238389,110177,45,7708,3402,42,0.0313016,246249,0,TRUE,382032,198487,43,17855,8780,41,0.0446269,400095,0,TRUE,0.03796425,N
AK02,kobu_C_F1,M7,2,M8,X,IFNAR_ko_cohoused,Consensus_M5-AK02-SI-kobu-VP_threshold_0_quality_20,3924,G,A,,GCG,A,GCA,A,270606,134534,44,82274,37648,41,0.23299,353122,0,TRUE,206937,107645,42,66325,31742,40,0.242557,273441,0,TRUE,0.2377735,N
AK02,kobu_C_F1,M8,2,M8,X,petstore_A,Consensus_M5-AK02-SI-kobu-VP_threshold_0_quality_20,3924,G,A,,GCG,A,GCA,A,348895,174806,44,44922,21081,41,0.114004,394039,0,TRUE,259308,102269,44,25952,9650,41,0.090925,285422,0,TRUE,0.1024645,N
AK02,kobu_C_F1,M8,2,M8,X,petstore_A,Consensus_M5-AK02-SI-kobu-VP_threshold_0_quality_20,3942,C,T,,CCC,P,CCT,P,302277,302241,36,28306,28304,32,0.0855476,330880,0,TRUE,190279,190238,36,20720,20717,32,0.0981423,211122,0,TRUE,0.09184495,N
AK02,kobu_C_F1,M8,2,M8,X,petstore_A,Consensus_M5-AK02-SI-kobu-VP_threshold_0_quality_20,4047,C,T,,CTC,L,CTT,L,357668,357631,36,27115,27110,34,0.0703995,385159,0,TRUE,241731,241695,36,20550,20541,34,0.0782422,262646,0,TRUE,0.07432085,N
AK02,kobu_C_F1,M5,2,M8,X,b6_cohoused,Consensus_M5-AK02-SI-kobu-VP_threshold_0_quality_20,4121,N,C,NA,NA,NA,NA,NA,0,0,0,40,40,33,1,40,1.86E-23,TRUE,0,0,0,72,72,32,1,72,1.35E-42,TRUE,1,Y
AK02,kobu_C_F1,M7,2,M8,X,IFNAR_ko_cohoused,Consensus_M5-AK02-SI-kobu-VP_threshold_0_quality_20,4121,N,C,NA,NA,NA,NA,NA,0,0,0,53,53,33,1,53,1.59E-31,TRUE,0,0,0,77,77,34,0.987179,78,6.82E-46,TRUE,0.9935895,Y
AK02,kobu_C_F1,M8,2,M8,X,petstore_A,Consensus_M5-AK02-SI-kobu-VP_threshold_0_quality_20,4121,N,C,NA,NA,NA,NA,NA,0,0,0,65,65,33,1,65,2.10E-38,TRUE,0,0,0,41,41,32,1,41,4.71E-24,TRUE,1,Y
AK02,kobu_C_F1,M5,2,M8,X,b6_cohoused,Consensus_M5-AK02-SI-kobu-VP_threshold_0_quality_20,4122,N,T,NA,NA,NA,NA,NA,0,0,0,2,2,36,1,2,0.166667,FALSE,0,0,0,3,3,35,1,3,0.1,FALSE,1,Y
AK02,kobu_C_F1,M7,2,M8,X,IFNAR_ko_cohoused,Consensus_M5-AK02-SI-kobu-VP_threshold_0_quality_20,4122,N,T,NA,NA,NA,NA,NA,0,0,0,5,5,36,1,5,0.00396825,TRUE,0,0,0,30,30,37,1,30,1.69E-17,TRUE,1,Y
AK02,kobu_C_F1,M8,2,M8,X,petstore_A,Consensus_M5-AK02-SI-kobu-VP_threshold_0_quality_20,4122,N,T,NA,NA,NA,NA,NA,0,0,0,1,1,38,1,1,1,FALSE,0,0,0,3,3,35,1,3,0.1,FALSE,1,Y
AK02,kobu_C_F1,M5,2,M8,X,b6_cohoused,Consensus_M5-AK02-SI-kobu-VP_threshold_0_quality_20,4123,N,G,NA,NA,NA,NA,NA,0,0,0,1,1,34,1,1,1,FALSE,0,0,0,1,1,34,0.5,2,0.5,FALSE,0.75,Y