filename,experiment,primer_set,mouse_ivar_number,cage,pet_store_mouse_ivar_number,pet_store,mouse_genotype,REGION,POS,REF,ALT,GFF_FEATURE,REF_CODON,REF_AA,ALT_CODON,ALT_AA,REF_DP_repA,REF_RV_repA,REF_QUAL_repA,ALT_DP_repA,ALT_RV_repA,ALT_QUAL_repA,ALT_FREQ_repA,TOTAL_DP_repA,PVAL_repA,PASS_repA,REF_DP_repB,REF_RV_repB,REF_QUAL_repB,ALT_DP_repB,ALT_RV_repB,ALT_QUAL_repB,ALT_FREQ_repB,TOTAL_DP_repB,PVAL_repB,PASS_repB,average_variant_freq,exclude_from_final
M1-SI-astro-capsid-E2.filtered.tsv,AK02,astro_E_F2,M1,1,M4,C,b6_cohoused,Consensus_M4-SI-astro-capsid-E2_threshold_0_quality_20,5394,N,C,,,,,,0,0,0,6,0,34,0.153846,39,1.42E-07,TRUE,0,0,0,3,0,34,0.0588235,51,4.27E-05,TRUE,0.10633475,Y
M1-SI-astro-capsid-E2.filtered.tsv,AK02,astro_E_F2,M1,1,M4,C,b6_cohoused,Consensus_M4-SI-astro-capsid-E2_threshold_0_quality_20,5394,N,G,,,,,,0,0,0,33,0,33,0.846154,39,5.34E-21,TRUE,0,0,0,48,0,34,0.941176,51,4.01E-29,TRUE,0.893665,Y
M1-SI-astro-capsid-E2.filtered.tsv,AK02,astro_E_F2,M1,1,M4,C,b6_cohoused,Consensus_M4-SI-astro-capsid-E2_threshold_0_quality_20,5419,G,A,,GTA,V,ATA,I,134430,171,37,84255,3,37,0.385234,218711,0,TRUE,116182,101,37,76653,1,37,0.397444,192865,0,TRUE,0.391339,N
M1-SI-astro-capsid-E2.filtered.tsv,AK02,astro_E_F2,M1,1,M4,C,b6_cohoused,Consensus_M4-SI-astro-capsid-E2_threshold_0_quality_20,5420,T,C,,GTA,V,GCA,A,84318,3,37,132890,180,37,0.611737,217234,0,TRUE,76745,1,37,114958,99,37,0.599608,191722,0,TRUE,0.6056725,N
M1-SI-astro-capsid-E2.filtered.tsv,AK02,astro_E_F2,M1,1,M4,C,b6_cohoused,Consensus_M4-SI-astro-capsid-E2_threshold_0_quality_20,5421,A,G,,GTA,V,GTG,V,132998,180,37,83986,3,37,0.387022,217006,0,TRUE,115075,99,37,76496,1,37,0.399273,191588,0,TRUE,0.3931475,N
M1-SI-astro-capsid-E2.filtered.tsv,AK02,astro_E_F2,M1,1,M4,C,b6_cohoused,Consensus_M4-SI-astro-capsid-E2_threshold_0_quality_20,5427,T,A,,GGT,G,GGA,G,134721,185,37,80773,3,36,0.374405,215737,0,TRUE,116533,96,37,73693,1,36,0.386891,190475,0,TRUE,0.380648,N
M1-SI-astro-capsid-E2.filtered.tsv,AK02,astro_E_F2,M1,1,M4,C,b6_cohoused,Consensus_M4-SI-astro-capsid-E2_threshold_0_quality_20,5433,C,A,,GTC,V,GTA,V,84737,3,37,132651,187,37,0.610097,217426,0,TRUE,76987,1,37,114869,101,37,0.598631,191886,0,TRUE,0.604364,N
M1-SI-astro-capsid-E2.filtered.tsv,AK02,astro_E_F2,M1,1,M4,C,b6_cohoused,Consensus_M4-SI-astro-capsid-E2_threshold_0_quality_20,5442,C,T,,AGC,S,AGT,S,133389,185,37,85327,3,37,0.390091,218736,0,TRUE,115446,100,37,77326,1,37,0.401089,192790,0,TRUE,0.39559,N
M1-SI-astro-capsid-E2.filtered.tsv,AK02,astro_E_F2,M1,1,M4,C,b6_cohoused,Consensus_M4-SI-astro-capsid-E2_threshold_0_quality_20,5445,C,T,,ATC,I,ATT,I,134028,184,37,84283,3,37,0.38604,218327,0,TRUE,116045,100,37,76574,1,37,0.397527,192626,0,TRUE,0.3917835,N
M1-SI-astro-capsid-E2.filtered.tsv,AK02,astro_E_F2,M1,1,M4,C,b6_cohoused,Consensus_M4-SI-astro-capsid-E2_threshold_0_quality_20,5451,G,T,,ACG,T,ACT,T,132702,187,37,85598,3,37,0.392022,218350,0,TRUE,114833,100,37,77578,1,37,0.402965,192518,0,TRUE,0.3974935,N
M1-SI-astro-capsid-E2.filtered.tsv,AK02,astro_E_F2,M1,1,M4,C,b6_cohoused,Consensus_M4-SI-astro-capsid-E2_threshold_0_quality_20,5463,C,T,,GAC,D,GAT,D,87947,3,37,6054,0,36,0.0643953,94013,0,TRUE,79815,0,37,4800,0,36,0.0567242,84620,0,TRUE,0.06055975,N
M1-SI-astro-capsid-E2.filtered.tsv,AK02,astro_E_F2,M1,1,M4,C,b6_cohoused,Consensus_M4-SI-astro-capsid-E2_threshold_0_quality_20,5466,C, =-GAAACTGCG,,,,,,93723,3,37,5097,0,20,0.0539753,94432,0,TRUE,84352,0,37,4162,0,20,0.049001,84937,0,TRUE,0.05148815,N
M1-SI-astro-capsid-E2.filtered.tsv,AK02,astro_E_F2,M1,1,M4,C,b6_cohoused,Consensus_M4-SI-astro-capsid-E2_threshold_0_quality_20,5479,A, =+CC,,,,,,92707,3,37,5086,0,20,0.0545632,93213,0,TRUE,83549,0,37,4150,0,20,0.0494985,83841,0,TRUE,0.05203085,N
M1-SI-astro-capsid-E2.filtered.tsv,AK02,astro_E_F2,M1,1,M4,C,b6_cohoused,Consensus_M4-SI-astro-capsid-E2_threshold_0_quality_20,5482,A, =+GCTG,,,,,,91633,3,37,4936,0,20,0.0529381,93241,0,TRUE,82704,0,37,4105,0,20,0.0489524,83857,0,TRUE,0.05094525,N
M1-SI-astro-capsid-E2.filtered.tsv,AK02,astro_E_F2,M1,1,M4,C,b6_cohoused,Consensus_M4-SI-astro-capsid-E2_threshold_0_quality_20,5485,G, =+CCA,,,,,,91953,3,37,4570,0,20,0.0489897,93285,0,TRUE,82976,0,37,3935,0,20,0.0469128,83879,0,TRUE,0.04795125,N
M1-SI-astro-capsid-E2.filtered.tsv,AK02,astro_E_F2,M1,1,M4,C,b6_cohoused,Consensus_M4-SI-astro-capsid-E2_threshold_0_quality_20,5487,A,C,,GGA,G,GGC,G,86934,3,37,5973,0,37,0.0642528,92961,0,TRUE,78834,0,37,4777,0,37,0.0571166,83636,0,TRUE,0.0606847,N
M1-SI-astro-capsid-E2.filtered.tsv,AK02,astro_E_F2,M1,1,M4,C,b6_cohoused,Consensus_M4-SI-astro-capsid-E2_threshold_0_quality_20,5488,A,T,,AAA,K,TAA,*,87415,3,32,4998,0,36,0.0537073,93060,0,TRUE,79130,0,32,4044,0,37,0.0483171,83697,0,TRUE,0.0510122,N
M1-SI-astro-capsid-E2.filtered.tsv,AK02,astro_E_F2,M1,1,M4,C,b6_cohoused,Consensus_M4-SI-astro-capsid-E2_threshold_0_quality_20,5489,A,C,,AAA,K,ACA,T,88461,3,35,5150,0,37,0.0550049,93628,0,TRUE,79922,0,35,4117,0,37,0.0489798,84055,0,TRUE,0.05199235,N
M1-SI-astro-capsid-E2.filtered.tsv,AK02,astro_E_F2,M1,1,M4,C,b6_cohoused,Consensus_M4-SI-astro-capsid-E2_threshold_0_quality_20,5494,C,A,,CAT,H,AAT,N,87421,3,37,7085,0,36,0.0749616,94515,0,TRUE,79014,0,37,5604,1,36,0.0662192,84628,0,TRUE,0.0705904,N
M1-SI-astro-capsid-E2.filtered.tsv,AK02,astro_E_F2,M1,1,M4,C,b6_cohoused,Consensus_M4-SI-astro-capsid-E2_threshold_0_quality_20,5499,A,T,,GGA,G,GGT,G,86747,3,37,7701,0,35,0.0815076,94482,0,TRUE,78556,0,37,6004,1,35,0.0709634,84607,0,TRUE,0.0762355,N
M1-SI-astro-capsid-E2.filtered.tsv,AK02,astro_E_F2,M1,1,M4,C,b6_cohoused,Consensus_M4-SI-astro-capsid-E2_threshold_0_quality_20,5505,T,C,,ATT,I,ATC,I,87107,3,37,127538,190,37,0.59412,214667,0,TRUE,78754,0,37,109570,18,37,0.581715,188357,0,TRUE,0.5879175,N
M1-SI-astro-capsid-E2.filtered.tsv,AK02,astro_E_F2,M1,1,M4,C,b6_cohoused,Consensus_M4-SI-astro-capsid-E2_threshold_0_quality_20,5573,A,G,,AAC,N,AGC,S,1666,0,35,85704,0,37,0.980741,87387,0,TRUE,908,0,35,78045,0,37,0.988399,78961,0,TRUE,0.98457,N
M1-SI-astro-capsid-E2.filtered.tsv,AK02,astro_E_F2,M1,1,M4,C,b6_cohoused,Consensus_M4-SI-astro-capsid-E2_threshold_0_quality_20,5607,T,C,,TTT,F,TTC,F,284,0,33,85601,0,37,0.996624,85891,0,TRUE,328,0,33,77167,0,37,0.99569,77501,0,TRUE,0.996157,N
M1-SI-astro-capsid-E2.filtered.tsv,AK02,astro_E_F2,M1,1,M4,C,b6_cohoused,Consensus_M4-SI-astro-capsid-E2_threshold_0_quality_20,5682,T,C,,CCT,P,CCC,P,106,1,29,68153,135,37,0.998184,68277,0,TRUE,128,2,33,61334,195,37,0.997739,61473,0,TRUE,0.9979615,N
M1-SI-astro-capsid-E2.filtered.tsv,AK02,astro_E_F2,M1,1,M4,C,b6_cohoused,Consensus_M4-SI-astro-capsid-E2_threshold_0_quality_20,5703,G,A,,CAG,Q,CAA,Q,13008,12993,33,1432,1432,31,0.0991621,14441,0,TRUE,12902,12893,34,1366,1366,32,0.095732,14269,0,TRUE,0.09744705,N
M1-SI-astro-capsid-E2.filtered.tsv,AK02,astro_E_F2,M1,1,M4,C,b6_cohoused,Consensus_M4-SI-astro-capsid-E2_threshold_0_quality_20,5708,G,A,,GGC,G,GAC,D,13151,13148,34,3530,3530,29,0.211403,16698,0,TRUE,13041,13040,35,3326,3326,29,0.203028,16382,0,TRUE,0.2072155,N
M1-SI-astro-capsid-E2.filtered.tsv,AK02,astro_E_F2,M1,1,M4,C,b6_cohoused,Consensus_M4-SI-astro-capsid-E2_threshold_0_quality_20,5709,C,T,,GGC,G,GGT,G,13123,12941,33,11932,11930,31,0.476137,25060,0,TRUE,12669,12525,33,11825,11824,31,0.482692,24498,0,TRUE,0.4794145,N
M1-SI-astro-capsid-E2.filtered.tsv,AK02,astro_E_F2,M1,1,M4,C,b6_cohoused,Consensus_M4-SI-astro-capsid-E2_threshold_0_quality_20,5710,A,G,,AAG,K,GAG,E,14087,13904,33,11478,11475,31,0.448692,25581,0,TRUE,13376,13232,33,11370,11369,31,0.459264,24757,0,TRUE,0.453978,N
M1-SI-astro-capsid-E2.filtered.tsv,AK02,astro_E_F2,M1,1,M4,C,b6_cohoused,Consensus_M4-SI-astro-capsid-E2_threshold_0_quality_20,5715,C,G,,GTC,V,GTG,V,10919,10738,26,13323,13321,31,0.544819,24454,0,TRUE,10260,10114,26,13118,13117,31,0.556508,23572,0,TRUE,0.5506635,N
M1-SI-astro-capsid-E2.filtered.tsv,AK02,astro_E_F2,M1,1,M4,C,b6_cohoused,Consensus_M4-SI-astro-capsid-E2_threshold_0_quality_20,5718,G,T,,CCG,P,CCT,P,21626,21442,31,15180,15177,32,0.412343,36814,0,TRUE,20571,20425,31,14985,14984,32,0.4214,35560,0,TRUE,0.4168715,N
M1-SI-astro-capsid-E2.filtered.tsv,AK02,astro_E_F2,M1,1,M4,C,b6_cohoused,Consensus_M4-SI-astro-capsid-E2_threshold_0_quality_20,5721,G,A,,GAG,E,GAA,E,26578,26393,34,17869,17867,32,0.401993,44451,0,TRUE,24938,24792,34,17434,17433,32,0.411422,42375,0,TRUE,0.4067075,N
M1-SI-astro-capsid-E2.filtered.tsv,AK02,astro_E_F2,M1,1,M4,C,b6_cohoused,Consensus_M4-SI-astro-capsid-E2_threshold_0_quality_20,5733,C,T,,TTC,F,TTT,F,34480,34294,30,20208,20207,31,0.369467,54695,0,TRUE,30546,30405,30,20398,20396,31,0.400353,50950,0,TRUE,0.38491,N
M1-SI-astro-capsid-E2.filtered.tsv,AK02,astro_E_F2,M1,1,M4,C,b6_cohoused,Consensus_M4-SI-astro-capsid-E2_threshold_0_quality_20,5736,T,C,,ACT,T,ACC,T,40060,39880,31,23873,23871,35,0.372975,64007,0,TRUE,36907,36764,31,22587,22586,35,0.379346,59542,0,TRUE,0.3761605,N
M1-SI-astro-capsid-E2.filtered.tsv,AK02,astro_E_F2,M1,1,M4,C,b6_cohoused,Consensus_M4-SI-astro-capsid-E2_threshold_0_quality_20,5745,G,A,,CCG,P,CCA,P,48469,48287,32,21157,21153,32,0.303714,69661,0,TRUE,44599,44456,32,20100,20099,32,0.310593,64715,0,TRUE,0.3071535,N
M1-SI-astro-capsid-E2.filtered.tsv,AK02,astro_E_F2,M1,1,M4,C,b6_cohoused,Consensus_M4-SI-astro-capsid-E2_threshold_0_quality_20,5750,A,T,,TAC,Y,TTC,F,53115,52937,33,24111,24109,36,0.311636,77369,0,TRUE,48406,48265,33,22820,22819,36,0.319765,71365,0,TRUE,0.3157005,N
M1-SI-astro-capsid-E2.filtered.tsv,AK02,astro_E_F2,M1,1,M4,C,b6_cohoused,Consensus_M4-SI-astro-capsid-E2_threshold_0_quality_20,5751,C,T,,TAC,Y,TAT,Y,56751,56571,34,23958,23956,36,0.296796,80722,0,TRUE,51831,51690,34,22717,22716,36,0.304693,74557,0,TRUE,0.3007445,N
M1-SI-astro-capsid-E2.filtered.tsv,AK02,astro_E_F2,M1,1,M4,C,b6_cohoused,Consensus_M4-SI-astro-capsid-E2_threshold_0_quality_20,5754,C,T,,TAC,Y,TAT,Y,60625,60449,34,22828,22826,33,0.273487,83470,0,TRUE,55185,55041,34,21610,21609,33,0.281351,76808,0,TRUE,0.277419,N
M1-SI-astro-capsid-E2.filtered.tsv,AK02,astro_E_F2,M1,1,M4,C,b6_cohoused,Consensus_M4-SI-astro-capsid-E2_threshold_0_quality_20,5756,A,T,,CAT,H,CTT,L,55468,55297,32,25564,25561,34,0.315317,81074,0,TRUE,50207,50063,31,24046,24045,34,0.323712,74282,0,TRUE,0.3195145,N
M1-SI-astro-capsid-E2.filtered.tsv,AK02,astro_E_F2,M1,1,M4,C,b6_cohoused,Consensus_M4-SI-astro-capsid-E2_threshold_0_quality_20,5779,T,G,,TCC,S,GCC,A,76400,76277,32,62491,62487,35,0.449834,138920,0,TRUE,67564,67448,32,57949,57947,35,0.461602,125539,0,TRUE,0.455718,N
M1-SI-astro-capsid-E2.filtered.tsv,AK02,astro_E_F2,M1,1,M4,C,b6_cohoused,Consensus_M4-SI-astro-capsid-E2_threshold_0_quality_20,5781,C,T,,TCC,S,TCT,S,54418,54347,35,90947,90889,34,0.62537,145429,0,TRUE,53502,53419,35,78272,78233,34,0.593838,131807,0,TRUE,0.609604,N
M1-SI-astro-capsid-E2.filtered.tsv,AK02,astro_E_F2,M1,1,M4,C,b6_cohoused,Consensus_M4-SI-astro-capsid-E2_threshold_0_quality_20,5784,G,T,,AAG,K,AAT,N,78820,78698,32,58197,58193,33,0.424644,137049,0,TRUE,70457,70339,32,53859,53857,33,0.433145,124344,0,TRUE,0.4288945,N
M1-SI-astro-capsid-E2.filtered.tsv,AK02,astro_E_F2,M1,1,M4,C,b6_cohoused,Consensus_M4-SI-astro-capsid-E2_threshold_0_quality_20,5786,T,C,,GTG,V,GCG,A,79158,79037,32,61831,61828,33,0.438393,141040,0,TRUE,70402,70289,32,57425,57423,33,0.449092,127869,0,TRUE,0.4437425,N
M1-SI-astro-capsid-E2.filtered.tsv,AK02,astro_E_F2,M1,1,M4,C,b6_cohoused,Consensus_M4-SI-astro-capsid-E2_threshold_0_quality_20,5797,A,G,,ATC,I,GTC,V,92194,92082,33,74191,74186,35,0.445867,166397,0,TRUE,82272,82163,33,67245,67244,35,0.449682,149539,0,TRUE,0.4477745,N
M1-SI-astro-capsid-E2.filtered.tsv,AK02,astro_E_F2,M1,1,M4,C,b6_cohoused,Consensus_M4-SI-astro-capsid-E2_threshold_0_quality_20,5821,G,T,,GTG,V,TTG,L,114644,114642,36,73280,73280,35,0.389847,187971,0,TRUE,100940,100930,36,66905,66904,35,0.398401,167934,0,TRUE,0.394124,N
M1-SI-astro-capsid-E2.filtered.tsv,AK02,astro_E_F2,M1,1,M4,C,b6_cohoused,Consensus_M4-SI-astro-capsid-E2_threshold_0_quality_20,5835,C,T,,GAC,D,GAT,D,110493,110491,33,78396,78396,36,0.414954,188927,0,TRUE,96640,96631,33,71978,71977,36,0.426789,168650,0,TRUE,0.4208715,N
M1-SI-astro-capsid-E2.filtered.tsv,AK02,astro_E_F2,M1,1,M4,C,b6_cohoused,Consensus_M4-SI-astro-capsid-E2_threshold_0_quality_20,5858,C,T,,ACG,T,ATG,M,122863,122861,35,76153,76153,36,0.382528,199078,0,TRUE,106898,106895,35,70020,70019,36,0.395687,176958,0,TRUE,0.3891075,N
M1-SI-astro-capsid-E2.filtered.tsv,AK02,astro_E_F2,M1,1,M4,C,b6_cohoused,Consensus_M4-SI-astro-capsid-E2_threshold_0_quality_20,5863,A,G,,ATC,I,GTC,V,127072,127070,35,77203,77203,35,0.377816,204340,0,TRUE,110348,110345,35,70569,70568,36,0.3894,181225,0,TRUE,0.383608,N
M1-SI-astro-capsid-E2.filtered.tsv,AK02,astro_E_F2,M1,1,M4,C,b6_cohoused,Consensus_M4-SI-astro-capsid-E2_threshold_0_quality_20,5886,C,T,,CAC,H,CAT,H,136321,136318,36,75959,75959,36,0.357454,212500,0,TRUE,119372,119368,36,68399,68398,36,0.363956,187932,0,TRUE,0.360705,N
M1-SI-astro-capsid-E2.filtered.tsv,AK02,astro_E_F2,M1,1,M4,C,b6_cohoused,Consensus_M4-SI-astro-capsid-E2_threshold_0_quality_20,5889,T,C,,CAT,H,CAC,H,143483,143480,36,70090,70090,35,0.328111,213617,0,TRUE,124258,124254,36,64187,64186,35,0.340545,188483,0,TRUE,0.334328,N
M1-SI-astro-capsid-E2.filtered.tsv,AK02,astro_E_F2,M1,1,M4,C,b6_cohoused,Consensus_M4-SI-astro-capsid-E2_threshold_0_quality_20,5949,G,A,,CAG,Q,CAA,Q,151741,151546,37,64909,64909,37,0.299551,216688,0,TRUE,132708,132688,37,58404,58401,37,0.305555,191141,0,TRUE,0.302553,N
M1-SI-astro-capsid-E2.filtered.tsv,AK02,astro_E_F2,M1,1,M4,C,b6_cohoused,Consensus_M4-SI-astro-capsid-E2_threshold_0_quality_20,5955,T,C,,CGT,R,CGC,R,154147,153954,37,63405,63405,37,0.291417,217575,0,TRUE,134582,134480,37,57325,57322,37,0.298687,191923,0,TRUE,0.295052,N
M3-SI-astro-capsid-E2.filtered.tsv,AK02,astro_E_F2,M3,1,M4,C,IFNAR_ko_cohoused,Consensus_M4-SI-astro-capsid-E2_threshold_0_quality_20,5394,N,C,,,,,,0,0,0,6,0,34,0.0952381,63,9.14E-09,TRUE,0,0,0,4,0,34,0.0952381,42,6.71E-06,TRUE,0.0952381,Y
M3-SI-astro-capsid-E2.filtered.tsv,AK02,astro_E_F2,M3,1,M4,C,IFNAR_ko_cohoused,Consensus_M4-SI-astro-capsid-E2_threshold_0_quality_20,5394,N,G,,,,,,0,0,0,56,0,34,0.888889,63,4.78E-35,TRUE,0,0,0,38,1,33,0.904762,42,1.96E-23,TRUE,0.8968255,Y
M3-SI-astro-capsid-E2.filtered.tsv,AK02,astro_E_F2,M3,1,M4,C,IFNAR_ko_cohoused,Consensus_M4-SI-astro-capsid-E2_threshold_0_quality_20,5419,G,A,,GTA,V,ATA,I,140368,376,37,99950,10,37,0.415859,240346,0,TRUE,108551,526,37,68615,145,37,0.387229,177195,0,TRUE,0.401544,N
M3-SI-astro-capsid-E2.filtered.tsv,AK02,astro_E_F2,M3,1,M4,C,IFNAR_ko_cohoused,Consensus_M4-SI-astro-capsid-E2_threshold_0_quality_20,5420,T,C,,GTA,V,GCA,A,99742,10,37,139055,374,37,0.582259,238820,0,TRUE,68586,144,37,107525,514,37,0.610487,176130,0,TRUE,0.596373,N
M3-SI-astro-capsid-E2.filtered.tsv,AK02,astro_E_F2,M3,1,M4,C,IFNAR_ko_cohoused,Consensus_M4-SI-astro-capsid-E2_threshold_0_quality_20,5421,A,G,,GTA,V,GTG,V,138913,378,37,99616,10,37,0.417572,238560,0,TRUE,107470,523,37,68481,145,37,0.389156,175973,0,TRUE,0.403364,N
M3-SI-astro-capsid-E2.filtered.tsv,AK02,astro_E_F2,M3,1,M4,C,IFNAR_ko_cohoused,Consensus_M4-SI-astro-capsid-E2_threshold_0_quality_20,5427,T,A,,GGT,G,GGA,G,141017,380,37,95652,9,37,0.403617,236987,0,TRUE,108823,539,37,65750,145,36,0.37612,174811,0,TRUE,0.3898685,N
M3-SI-astro-capsid-E2.filtered.tsv,AK02,astro_E_F2,M3,1,M4,C,IFNAR_ko_cohoused,Consensus_M4-SI-astro-capsid-E2_threshold_0_quality_20,5433,C,A,,GTC,V,GTA,V,100475,9,37,138626,380,37,0.579652,239154,0,TRUE,68789,145,37,107165,453,37,0.608854,176011,0,TRUE,0.594253,N
M3-SI-astro-capsid-E2.filtered.tsv,AK02,astro_E_F2,M3,1,M4,C,IFNAR_ko_cohoused,Consensus_M4-SI-astro-capsid-E2_threshold_0_quality_20,5442,C,T,,AGC,S,AGT,S,139165,382,37,101032,7,37,0.420592,240214,0,TRUE,107452,380,37,68686,8,37,0.389918,176155,0,TRUE,0.405255,N
M3-SI-astro-capsid-E2.filtered.tsv,AK02,astro_E_F2,M3,1,M4,C,IFNAR_ko_cohoused,Consensus_M4-SI-astro-capsid-E2_threshold_0_quality_20,5445,C,T,,ATC,I,ATT,I,140406,381,37,99411,7,37,0.414497,239835,0,TRUE,107955,384,37,68227,9,37,0.387222,176196,0,TRUE,0.4008595,N
M3-SI-astro-capsid-E2.filtered.tsv,AK02,astro_E_F2,M3,1,M4,C,IFNAR_ko_cohoused,Consensus_M4-SI-astro-capsid-E2_threshold_0_quality_20,5451,G,T,,ACG,T,ACT,T,137634,384,37,102289,5,37,0.426204,240000,0,TRUE,106282,385,37,69780,9,37,0.396239,176106,0,TRUE,0.4112215,N
M3-SI-astro-capsid-E2.filtered.tsv,AK02,astro_E_F2,M3,1,M4,C,IFNAR_ko_cohoused,Consensus_M4-SI-astro-capsid-E2_threshold_0_quality_20,5463,C,T,,GAC,D,GAT,D,105109,1,37,8411,0,36,0.0740861,113530,0,TRUE,71551,9,37,6019,0,37,0.0775644,77600,0,TRUE,0.07582525,N
M3-SI-astro-capsid-E2.filtered.tsv,AK02,astro_E_F2,M3,1,M4,C,IFNAR_ko_cohoused,Consensus_M4-SI-astro-capsid-E2_threshold_0_quality_20,5466,C, =-GAAACTGCG,,,,,,113536,1,37,7613,0,20,0.0668206,113932,0,TRUE,77724,8,37,5525,0,20,0.0709115,77914,0,TRUE,0.06886605,N
M3-SI-astro-capsid-E2.filtered.tsv,AK02,astro_E_F2,M3,1,M4,C,IFNAR_ko_cohoused,Consensus_M4-SI-astro-capsid-E2_threshold_0_quality_20,5479,A, =+CC,,,,,,112089,1,37,7606,0,20,0.0675225,112644,0,TRUE,76569,8,37,5514,0,20,0.0716979,76906,0,TRUE,0.0696102,N
M3-SI-astro-capsid-E2.filtered.tsv,AK02,astro_E_F2,M3,1,M4,C,IFNAR_ko_cohoused,Consensus_M4-SI-astro-capsid-E2_threshold_0_quality_20,5482,A, =+GCTG,,,,,,111648,1,37,7485,0,20,0.06644,112658,0,TRUE,76331,8,37,5446,0,20,0.0708036,76917,0,TRUE,0.0686218,N
M3-SI-astro-capsid-E2.filtered.tsv,AK02,astro_E_F2,M3,1,M4,C,IFNAR_ko_cohoused,Consensus_M4-SI-astro-capsid-E2_threshold_0_quality_20,5485,G, =+CCA,,,,,,111820,0,37,7332,0,20,0.06506,112696,0,TRUE,76344,8,37,5356,0,20,0.06961,76943,0,TRUE,0.067335,N
M3-SI-astro-capsid-E2.filtered.tsv,AK02,astro_E_F2,M3,1,M4,C,IFNAR_ko_cohoused,Consensus_M4-SI-astro-capsid-E2_threshold_0_quality_20,5487,A,C,,GGA,G,GGC,G,103915,1,37,7795,0,37,0.0695274,112114,0,TRUE,70824,8,37,5605,0,37,0.0732058,76565,0,TRUE,0.0713666,N
M3-SI-astro-capsid-E2.filtered.tsv,AK02,astro_E_F2,M3,1,M4,C,IFNAR_ko_cohoused,Consensus_M4-SI-astro-capsid-E2_threshold_0_quality_20,5488,A,T,,AAA,K,TAA,*,104744,1,32,7495,0,37,0.0666661,112426,0,TRUE,71134,8,32,5396,0,36,0.0703181,76737,0,TRUE,0.0684921,N
M3-SI-astro-capsid-E2.filtered.tsv,AK02,astro_E_F2,M3,1,M4,C,IFNAR_ko_cohoused,Consensus_M4-SI-astro-capsid-E2_threshold_0_quality_20,5489,A,C,,AAA,K,ACA,T,105185,1,35,7623,0,37,0.0674721,112980,0,TRUE,71641,8,35,5498,0,37,0.071261,77153,0,TRUE,0.06936655,N
M3-SI-astro-capsid-E2.filtered.tsv,AK02,astro_E_F2,M3,1,M4,C,IFNAR_ko_cohoused,Consensus_M4-SI-astro-capsid-E2_threshold_0_quality_20,5494,C,A,,CAT,H,AAT,N,104922,1,37,8855,3,36,0.0778126,113799,0,TRUE,71314,8,37,6409,2,36,0.0824468,77735,0,TRUE,0.0801297,N
M3-SI-astro-capsid-E2.filtered.tsv,AK02,astro_E_F2,M3,1,M4,C,IFNAR_ko_cohoused,Consensus_M4-SI-astro-capsid-E2_threshold_0_quality_20,5499,A,T,,GGA,G,GGT,G,104157,1,37,9486,8,35,0.0834198,113714,0,TRUE,70749,6,37,6934,8,35,0.0892177,77720,0,TRUE,0.08631875,N
M3-SI-astro-capsid-E2.filtered.tsv,AK02,astro_E_F2,M3,1,M4,C,IFNAR_ko_cohoused,Consensus_M4-SI-astro-capsid-E2_threshold_0_quality_20,5505,T,C,,ATT,I,ATC,I,104750,1,37,130347,17,37,0.554347,235136,0,TRUE,71058,8,37,101765,142,37,0.588761,172846,0,TRUE,0.571554,N
M3-SI-astro-capsid-E2.filtered.tsv,AK02,astro_E_F2,M3,1,M4,C,IFNAR_ko_cohoused,Consensus_M4-SI-astro-capsid-E2_threshold_0_quality_20,5573,A,G,,AAC,N,AGC,S,2006,0,35,103427,0,37,0.980834,105448,0,TRUE,1009,0,35,70235,1,37,0.985644,71258,0,TRUE,0.983239,N
M3-SI-astro-capsid-E2.filtered.tsv,AK02,astro_E_F2,M3,1,M4,C,IFNAR_ko_cohoused,Consensus_M4-SI-astro-capsid-E2_threshold_0_quality_20,5607,T,C,,TTT,F,TTC,F,615,0,33,102949,1,37,0.993994,103571,0,TRUE,589,0,35,69257,3,37,0.991496,69851,0,TRUE,0.992745,N
M3-SI-astro-capsid-E2.filtered.tsv,AK02,astro_E_F2,M3,1,M4,C,IFNAR_ko_cohoused,Consensus_M4-SI-astro-capsid-E2_threshold_0_quality_20,5682,T,C,,CCT,P,CCC,P,544,3,34,82360,281,37,0.993175,82926,0,TRUE,138,0,34,55640,187,37,0.997383,55786,0,TRUE,0.995279,N
M3-SI-astro-capsid-E2.filtered.tsv,AK02,astro_E_F2,M3,1,M4,C,IFNAR_ko_cohoused,Consensus_M4-SI-astro-capsid-E2_threshold_0_quality_20,5703,G,A,,CAG,Q,CAA,Q,18697,18678,34,1806,1806,32,0.0880804,20504,0,TRUE,12197,12137,34,1350,1350,32,0.0996531,13547,0,TRUE,0.09386675,N
M3-SI-astro-capsid-E2.filtered.tsv,AK02,astro_E_F2,M3,1,M4,C,IFNAR_ko_cohoused,Consensus_M4-SI-astro-capsid-E2_threshold_0_quality_20,5708,G,A,,GGC,G,GAC,D,18891,18888,35,4234,4234,29,0.182918,23147,0,TRUE,12283,12275,35,3197,3197,29,0.206431,15487,0,TRUE,0.1946745,N
M3-SI-astro-capsid-E2.filtered.tsv,AK02,astro_E_F2,M3,1,M4,C,IFNAR_ko_cohoused,Consensus_M4-SI-astro-capsid-E2_threshold_0_quality_20,5709,C,T,,GGC,G,GGT,G,17702,17541,33,17184,17183,31,0.492519,34890,0,TRUE,13124,12944,33,11176,11168,31,0.459861,24303,0,TRUE,0.47619,N
M3-SI-astro-capsid-E2.filtered.tsv,AK02,astro_E_F2,M3,1,M4,C,IFNAR_ko_cohoused,Consensus_M4-SI-astro-capsid-E2_threshold_0_quality_20,5710,A,G,,AAG,K,GAG,E,18718,18556,33,16400,16399,31,0.466851,35129,0,TRUE,13866,13685,33,10799,10791,31,0.437738,24670,0,TRUE,0.4522945,N
M3-SI-astro-capsid-E2.filtered.tsv,AK02,astro_E_F2,M3,1,M4,C,IFNAR_ko_cohoused,Consensus_M4-SI-astro-capsid-E2_threshold_0_quality_20,5715,C,G,,GTC,V,GTG,V,14440,14281,26,18957,18956,31,0.565442,33526,0,TRUE,10794,10613,26,12347,12339,31,0.531511,23230,0,TRUE,0.5484765,N
M3-SI-astro-capsid-E2.filtered.tsv,AK02,astro_E_F2,M3,1,M4,C,IFNAR_ko_cohoused,Consensus_M4-SI-astro-capsid-E2_threshold_0_quality_20,5718,G,T,,CCG,P,CCT,P,27569,27406,31,21694,21693,32,0.440264,49275,0,TRUE,20835,20652,31,14041,14033,32,0.402494,34885,0,TRUE,0.421379,N
M3-SI-astro-capsid-E2.filtered.tsv,AK02,astro_E_F2,M3,1,M4,C,IFNAR_ko_cohoused,Consensus_M4-SI-astro-capsid-E2_threshold_0_quality_20,5721,G,A,,GAG,E,GAA,E,32970,32808,34,24963,24962,32,0.430872,57936,0,TRUE,25016,24833,34,16215,16207,32,0.393253,41233,0,TRUE,0.4120625,N
M3-SI-astro-capsid-E2.filtered.tsv,AK02,astro_E_F2,M3,1,M4,C,IFNAR_ko_cohoused,Consensus_M4-SI-astro-capsid-E2_threshold_0_quality_20,5733,C,T,,TTC,F,TTT,F,39991,39832,30,28481,28478,32,0.415909,68479,0,TRUE,30762,30493,30,18787,18779,31,0.379122,49554,0,TRUE,0.3975155,N
M3-SI-astro-capsid-E2.filtered.tsv,AK02,astro_E_F2,M3,1,M4,C,IFNAR_ko_cohoused,Consensus_M4-SI-astro-capsid-E2_threshold_0_quality_20,5736,T,C,,ACT,T,ACC,T,47332,47170,32,31727,31724,35,0.400882,79143,0,TRUE,36580,36316,32,20826,20818,36,0.36245,57459,0,TRUE,0.381666,N
M3-SI-astro-capsid-E2.filtered.tsv,AK02,astro_E_F2,M3,1,M4,C,IFNAR_ko_cohoused,Consensus_M4-SI-astro-capsid-E2_threshold_0_quality_20,5745,G,A,,CCG,P,CCA,P,56140,55984,32,28592,28589,32,0.337369,84750,0,TRUE,43396,43133,32,18678,18673,32,0.300841,62086,0,TRUE,0.319105,N
M3-SI-astro-capsid-E2.filtered.tsv,AK02,astro_E_F2,M3,1,M4,C,IFNAR_ko_cohoused,Consensus_M4-SI-astro-capsid-E2_threshold_0_quality_20,5750,A,T,,TAC,Y,TTC,F,60485,60332,34,31925,31922,36,0.34458,92649,0,TRUE,46826,46568,34,20997,20992,36,0.309016,67948,0,TRUE,0.326798,N
M3-SI-astro-capsid-E2.filtered.tsv,AK02,astro_E_F2,M3,1,M4,C,IFNAR_ko_cohoused,Consensus_M4-SI-astro-capsid-E2_threshold_0_quality_20,5751,C,T,,TAC,Y,TAT,Y,64695,64542,34,31821,31818,36,0.329645,96531,0,TRUE,50028,49770,34,20881,20876,36,0.29443,70920,0,TRUE,0.3120375,N
M3-SI-astro-capsid-E2.filtered.tsv,AK02,astro_E_F2,M3,1,M4,C,IFNAR_ko_cohoused,Consensus_M4-SI-astro-capsid-E2_threshold_0_quality_20,5754,C,T,,TAC,Y,TAT,Y,68522,68371,34,30516,30513,33,0.308056,99060,0,TRUE,53151,52895,34,19901,19896,33,0.272363,73068,0,TRUE,0.2902095,N
M3-SI-astro-capsid-E2.filtered.tsv,AK02,astro_E_F2,M3,1,M4,C,IFNAR_ko_cohoused,Consensus_M4-SI-astro-capsid-E2_threshold_0_quality_20,5756,A,T,,CAT,H,CTT,L,62494,62347,31,33508,33505,34,0.348718,96089,0,TRUE,48062,47813,31,22316,22308,34,0.316921,70415,0,TRUE,0.3328195,N
M3-SI-astro-capsid-E2.filtered.tsv,AK02,astro_E_F2,M3,1,M4,C,IFNAR_ko_cohoused,Consensus_M4-SI-astro-capsid-E2_threshold_0_quality_20,5779,T,G,,TCC,S,GCC,A,82556,82440,33,78336,78331,35,0.486707,160951,0,TRUE,63417,63221,32,53181,53169,35,0.45593,116643,0,TRUE,0.4713185,N
M3-SI-astro-capsid-E2.filtered.tsv,AK02,astro_E_F2,M3,1,M4,C,IFNAR_ko_cohoused,Consensus_M4-SI-astro-capsid-E2_threshold_0_quality_20,5781,C,T,,TCC,S,TCT,S,54414,54351,35,113312,113247,35,0.675397,167771,0,TRUE,42961,42816,35,78783,78716,34,0.646918,121782,0,TRUE,0.6611575,N
M3-SI-astro-capsid-E2.filtered.tsv,AK02,astro_E_F2,M3,1,M4,C,IFNAR_ko_cohoused,Consensus_M4-SI-astro-capsid-E2_threshold_0_quality_20,5784,G,T,,AAG,K,AAT,N,85274,85154,32,73183,73178,33,0.461711,158504,0,TRUE,65207,65011,32,49531,49519,33,0.431537,114778,0,TRUE,0.446624,N
M3-SI-astro-capsid-E2.filtered.tsv,AK02,astro_E_F2,M3,1,M4,C,IFNAR_ko_cohoused,Consensus_M4-SI-astro-capsid-E2_threshold_0_quality_20,5786,T,C,,GTG,V,GCG,A,84755,84642,33,77580,77575,33,0.477689,162407,0,TRUE,65039,64843,33,52503,52491,33,0.446541,117577,0,TRUE,0.462115,N
M3-SI-astro-capsid-E2.filtered.tsv,AK02,astro_E_F2,M3,1,M4,C,IFNAR_ko_cohoused,Consensus_M4-SI-astro-capsid-E2_threshold_0_quality_20,5797,A,G,,ATC,I,GTC,V,99522,99411,33,89046,89038,35,0.472177,188586,0,TRUE,76965,76777,33,60331,60316,35,0.439381,137309,0,TRUE,0.455779,N
M3-SI-astro-capsid-E2.filtered.tsv,AK02,astro_E_F2,M3,1,M4,C,IFNAR_ko_cohoused,Consensus_M4-SI-astro-capsid-E2_threshold_0_quality_20,5821,G,T,,GTG,V,TTG,L,121505,121499,36,88581,88579,35,0.421489,210162,0,TRUE,93242,93120,36,60415,60409,35,0.39303,153716,0,TRUE,0.4072595,N
M3-SI-astro-capsid-E2.filtered.tsv,AK02,astro_E_F2,M3,1,M4,C,IFNAR_ko_cohoused,Consensus_M4-SI-astro-capsid-E2_threshold_0_quality_20,5835,C,T,,GAC,D,GAT,D,117071,117065,34,93406,93405,36,0.443557,210584,0,TRUE,90025,89747,34,64301,64298,36,0.416557,154363,0,TRUE,0.430057,N
M3-SI-astro-capsid-E2.filtered.tsv,AK02,astro_E_F2,M3,1,M4,C,IFNAR_ko_cohoused,Consensus_M4-SI-astro-capsid-E2_threshold_0_quality_20,5858,C,T,,ACG,T,ATG,M,130949,130944,35,89188,89187,36,0.405045,220193,0,TRUE,99429,99155,35,62226,62219,36,0.384848,161690,0,TRUE,0.3949465,N
M3-SI-astro-capsid-E2.filtered.tsv,AK02,astro_E_F2,M3,1,M4,C,IFNAR_ko_cohoused,Consensus_M4-SI-astro-capsid-E2_threshold_0_quality_20,5863,A,G,,ATC,I,GTC,V,135427,135422,35,89976,89975,36,0.399039,225482,0,TRUE,102786,102514,35,62799,62793,36,0.37912,165644,0,TRUE,0.3890795,N
M3-SI-astro-capsid-E2.filtered.tsv,AK02,astro_E_F2,M3,1,M4,C,IFNAR_ko_cohoused,Consensus_M4-SI-astro-capsid-E2_threshold_0_quality_20,5886,C,T,,CAC,H,CAT,H,149854,149848,36,83582,83580,36,0.357709,233659,0,TRUE,111968,111717,36,59436,59420,36,0.346485,171540,0,TRUE,0.352097,N
M3-SI-astro-capsid-E2.filtered.tsv,AK02,astro_E_F2,M3,1,M4,C,IFNAR_ko_cohoused,Consensus_M4-SI-astro-capsid-E2_threshold_0_quality_20,5889,T,C,,CAT,H,CAC,H,157856,157850,36,76793,76791,35,0.327202,234696,0,TRUE,116554,116308,36,55792,55776,35,0.323636,172391,0,TRUE,0.325419,N
M3-SI-astro-capsid-E2.filtered.tsv,AK02,astro_E_F2,M3,1,M4,C,IFNAR_ko_cohoused,Consensus_M4-SI-astro-capsid-E2_threshold_0_quality_20,5949,G,A,,CAG,Q,CAA,Q,171269,171057,37,66570,66568,37,0.279853,237875,0,TRUE,125769,125230,37,49921,49767,37,0.284097,175718,0,TRUE,0.281975,N
M3-SI-astro-capsid-E2.filtered.tsv,AK02,astro_E_F2,M3,1,M4,C,IFNAR_ko_cohoused,Consensus_M4-SI-astro-capsid-E2_threshold_0_quality_20,5955,T,C,,CGT,R,CGC,R,173765,173551,37,64902,64900,37,0.271899,238699,0,TRUE,127333,126802,37,48947,48797,37,0.27763,176303,0,TRUE,0.2747645,N
M4-SI-astro-capsid-E2.filtered.tsv,AK02,astro_E_F2,M4,1,M4,C,petstore_C,Consensus_M4-SI-astro-capsid-E2_threshold_0_quality_20,5394,N,C,,,,,,0,0,0,7,0,34,0.152174,46,7.47E-09,TRUE,0,0,0,12,0,34,0.164384,73,8.85E-15,TRUE,0.158279,Y
M4-SI-astro-capsid-E2.filtered.tsv,AK02,astro_E_F2,M4,1,M4,C,petstore_C,Consensus_M4-SI-astro-capsid-E2_threshold_0_quality_20,5394,N,G,,,,,,0,0,0,39,0,34,0.847826,46,7.36E-25,TRUE,0,0,0,61,0,34,0.835616,73,2.09E-39,TRUE,0.841721,Y
M4-SI-astro-capsid-E2.filtered.tsv,AK02,astro_E_F2,M4,1,M4,C,petstore_C,Consensus_M4-SI-astro-capsid-E2_threshold_0_quality_20,5420,T,C,,GTA,V,GCA,A,2130,0,31,166935,11,37,0.987314,169080,0,TRUE,1706,0,28,281233,2,37,0.993886,282963,0,TRUE,0.9906,N
M4-SI-astro-capsid-E2.filtered.tsv,AK02,astro_E_F2,M4,1,M4,C,petstore_C,Consensus_M4-SI-astro-capsid-E2_threshold_0_quality_20,5433,C,A,,GTC,V,GTA,V,2276,0,33,166315,13,37,0.984643,168909,0,TRUE,1866,0,31,280077,2,37,0.988941,283209,0,TRUE,0.986792,N
M4-SI-astro-capsid-E2.filtered.tsv,AK02,astro_E_F2,M4,1,M4,C,petstore_C,Consensus_M4-SI-astro-capsid-E2_threshold_0_quality_20,5463,C,T,,GAC,D,GAT,D,2094,0,33,530,0,27,0.201982,2624,2.11E-147,TRUE,1724,0,31,814,0,27,0.320472,2540,2.46E-270,TRUE,0.261227,N
M4-SI-astro-capsid-E2.filtered.tsv,AK02,astro_E_F2,M4,1,M4,C,petstore_C,Consensus_M4-SI-astro-capsid-E2_threshold_0_quality_20,5466,C, =-GAAACTGCG,,,,,,2970,0,37,132,0,20,0.0443996,2973,1.29E-16,TRUE,3070,0,37,240,0,20,0.077821,3084,2.09E-40,TRUE,0.0611103,N
M4-SI-astro-capsid-E2.filtered.tsv,AK02,astro_E_F2,M4,1,M4,C,petstore_C,Consensus_M4-SI-astro-capsid-E2_threshold_0_quality_20,5467,G,A,,GAA,E,AAA,K,1601,0,35,142,0,25,0.081422,1744,2.99E-28,TRUE,1092,0,33,196,0,25,0.152174,1288,5.27E-53,TRUE,0.116798,N
M4-SI-astro-capsid-E2.filtered.tsv,AK02,astro_E_F2,M4,1,M4,C,petstore_C,Consensus_M4-SI-astro-capsid-E2_threshold_0_quality_20,5479,A, =+CC,,,,,,1538,0,36,133,0,20,0.082404,1614,1.90E-24,TRUE,1045,0,35,238,0,20,0.203942,1167,5.81E-57,TRUE,0.143173,N
M4-SI-astro-capsid-E2.filtered.tsv,AK02,astro_E_F2,M4,1,M4,C,petstore_C,Consensus_M4-SI-astro-capsid-E2_threshold_0_quality_20,5480,G,A,,AGC,S,AAC,N,599,0,32,713,0,34,0.543445,1312,1.32853e-310,TRUE,899,0,36,142,0,31,0.135626,1047,1.49E-47,TRUE,0.3395355,N
M4-SI-astro-capsid-E2.filtered.tsv,AK02,astro_E_F2,M4,1,M4,C,petstore_C,Consensus_M4-SI-astro-capsid-E2_threshold_0_quality_20,5482,A, =+GCTG,,,,,,1443,0,35,102,0,20,0.0632754,1612,3.69E-18,TRUE,959,0,33,185,0,20,0.15839,1168,3.89E-46,TRUE,0.1108327,N
M4-SI-astro-capsid-E2.filtered.tsv,AK02,astro_E_F2,M4,1,M4,C,petstore_C,Consensus_M4-SI-astro-capsid-E2_threshold_0_quality_20,5485,G, =+CCA,,,,,,1461,0,35,125,0,20,0.0772559,1618,9.45E-24,TRUE,936,0,33,202,0,20,0.171769,1176,3.66E-52,TRUE,0.12451245,N
M4-SI-astro-capsid-E2.filtered.tsv,AK02,astro_E_F2,M4,1,M4,C,petstore_C,Consensus_M4-SI-astro-capsid-E2_threshold_0_quality_20,5487,A,C,,GGA,G,GGC,G,1394,0,36,74,0,30,0.0503059,1471,6.88E-24,TRUE,812,0,35,137,0,28,0.143006,958,2.51E-38,TRUE,0.09665595,N
M4-SI-astro-capsid-E2.filtered.tsv,AK02,astro_E_F2,M4,1,M4,C,petstore_C,Consensus_M4-SI-astro-capsid-E2_threshold_0_quality_20,5489,A,C,,AAA,K,ACA,T,1902,0,33,149,0,26,0.0726121,2052,1.29E-31,TRUE,1637,0,31,240,0,25,0.127796,1878,1.64E-73,TRUE,0.10020405,N
M4-SI-astro-capsid-E2.filtered.tsv,AK02,astro_E_F2,M4,1,M4,C,petstore_C,Consensus_M4-SI-astro-capsid-E2_threshold_0_quality_20,5494,C,A,,CAT,H,AAT,N,2124,0,32,1307,0,29,0.380939,3431,0,TRUE,2025,0,29,2256,0,30,0.52698,4281,0,TRUE,0.4539595,N
M4-SI-astro-capsid-E2.filtered.tsv,AK02,astro_E_F2,M4,1,M4,C,petstore_C,Consensus_M4-SI-astro-capsid-E2_threshold_0_quality_20,5499,A,T,,GGA,G,GGT,G,1633,0,34,2058,0,29,0.552929,3722,0,TRUE,1160,0,31,3640,0,29,0.754404,4825,0,TRUE,0.6536665,N
M4-SI-astro-capsid-E2.filtered.tsv,AK02,astro_E_F2,M4,1,M4,C,petstore_C,Consensus_M4-SI-astro-capsid-E2_threshold_0_quality_20,5505,T,C,,ATT,I,ATC,I,1759,0,35,162937,6,37,0.989248,164708,0,TRUE,1389,0,32,276863,2,37,0.994922,278276,0,TRUE,0.992085,N
M4-SI-astro-capsid-E2.filtered.tsv,AK02,astro_E_F2,M4,1,M4,C,petstore_C,Consensus_M4-SI-astro-capsid-E2_threshold_0_quality_20,5536,G,T,,GAT,D,TAT,Y,1816,0,33,1035,0,31,0.363031,2851,0,TRUE,1541,0,30,1631,0,31,0.513054,3179,0,TRUE,0.4380425,N
M4-SI-astro-capsid-E2.filtered.tsv,AK02,astro_E_F2,M4,1,M4,C,petstore_C,Consensus_M4-SI-astro-capsid-E2_threshold_0_quality_20,5537,A,C,,GAT,D,GCT,A,1436,0,36,857,0,29,0.373746,2293,0,TRUE,891,0,34,1414,0,29,0.613449,2305,0,TRUE,0.4935975,N
M4-SI-astro-capsid-E2.filtered.tsv,AK02,astro_E_F2,M4,1,M4,C,petstore_C,Consensus_M4-SI-astro-capsid-E2_threshold_0_quality_20,5544,C,T,,AGC,S,AGT,S,1650,0,34,307,0,29,0.156873,1957,6.85E-80,TRUE,1156,0,32,541,0,29,0.31861,1698,6.08E-186,TRUE,0.2377415,N
M4-SI-astro-capsid-E2.filtered.tsv,AK02,astro_E_F2,M4,1,M4,C,petstore_C,Consensus_M4-SI-astro-capsid-E2_threshold_0_quality_20,5547,G,T,,GGG,G,GGT,G,1462,0,35,83,0,29,0.0537217,1545,1.48E-13,TRUE,900,1,34,93,0,29,0.0936556,993,2.54E-20,TRUE,0.07368865,N
M4-SI-astro-capsid-E2.filtered.tsv,AK02,astro_E_F2,M4,1,M4,C,petstore_C,Consensus_M4-SI-astro-capsid-E2_threshold_0_quality_20,5573,A,G,,AAC,N,AGC,S,1048,0,36,152,0,31,0.126561,1201,8.52E-50,TRUE,566,1,36,69,0,30,0.108491,636,5.65E-24,TRUE,0.117526,N
M4-SI-astro-capsid-E2.filtered.tsv,AK02,astro_E_F2,M4,1,M4,C,petstore_C,Consensus_M4-SI-astro-capsid-E2_threshold_0_quality_20,5607,T,C,,TTT,F,TTC,F,699,0,35,293,0,30,0.295363,992,9.16E-116,TRUE,204,0,35,359,0,34,0.637655,563,1.74E-163,TRUE,0.466509,N
M4-SI-astro-capsid-E2.filtered.tsv,AK02,astro_E_F2,M4,1,M4,C,petstore_C,Consensus_M4-SI-astro-capsid-E2_threshold_0_quality_20,5682,T,C,,CCT,P,CCC,P,394,1,35,236,2,30,0.374603,630,4.59E-89,TRUE,101,2,33,223,0,34,0.686154,325,3.45E-98,TRUE,0.5303785,N
M4-SI-astro-capsid-E2.filtered.tsv,AK02,astro_E_F2,M4,1,M4,C,petstore_C,Consensus_M4-SI-astro-capsid-E2_threshold_0_quality_20,5700,G,A,,ACG,T,ACA,T,112,112,32,457,457,30,0.803163,569,7.59E-221,TRUE,35,35,31,603,603,30,0.945141,638,0,TRUE,0.874152,N
M4-SI-astro-capsid-E2.filtered.tsv,AK02,astro_E_F2,M4,1,M4,C,petstore_C,Consensus_M4-SI-astro-capsid-E2_threshold_0_quality_20,5703,G,A,,CAG,Q,CAA,Q,142,142,32,2199,2199,31,0.938941,2342,0,TRUE,43,43,30,2761,2761,32,0.984314,2805,0,TRUE,0.9616275,N
M4-SI-astro-capsid-E2.filtered.tsv,AK02,astro_E_F2,M4,1,M4,C,petstore_C,Consensus_M4-SI-astro-capsid-E2_threshold_0_quality_20,5708,G,A,,GGC,G,GAC,D,238,238,31,5248,5248,29,0.953835,5502,0,TRUE,140,140,26,6838,6838,29,0.973658,7023,0,TRUE,0.9637465,N